time,O2,CO2,CO,NOx,T,P,source_file
2025-01-01 10:00:00,7.614993192482766,7.547896176549709,5.570616089733732,14.814756847459284,19.940161282570003,101.29860884552421,synthetic_example.csv
2025-01-01 10:00:01,7.334668495785305,7.632613801395561,6.259216419866663,15.540776271845434,23.536102625496543,101.30122847036417,synthetic_example.csv
2025-01-01 10:00:02,7.456532964772856,7.505359415268062,6.374610681831739,16.39332056297009,33.71290070370017,101.4028831363703,synthetic_example.csv
2025-01-01 10:00:03,7.760385759853581,7.334221718769449,6.684802719427289,16.795592855859038,31.76037767836165,101.25080078874784,synthetic_example.csv
2025-01-01 10:00:04,7.496073015378326,7.585626496879799,6.92964180117151,15.13263176482858,37.06775750722808,101.28146500416683,synthetic_example.csv
2025-01-01 10:00:05,7.455395440825517,7.504443857679786,5.632495340746059,17.423641797212575,36.3177684178415,101.4160130096218,synthetic_example.csv
2025-01-01 10:00:06,7.679150267326177,7.400568592277388,5.710261056998962,15.86993509248045,39.21990361490201,101.3103617068693,synthetic_example.csv
2025-01-01 10:00:07,7.614307200542409,7.544380375402808,5.498110978981673,18.476047623719584,47.07910406051583,101.42360022252694,synthetic_example.csv
2025-01-01 10:00:08,7.376567862234051,7.679777037730125,6.028727258270772,17.907526440138543,44.2940951983577,101.48796318876299,synthetic_example.csv
2025-01-01 10:00:09,7.465490082032778,7.51941235416615,6.364459151253543,17.7464631703044,49.446497894713914,101.3492324777919,synthetic_example.csv
2025-01-01 10:00:10,7.440316232382576,7.610902666846438,6.640723115410347,18.5198357375365,53.79964229487097,101.4333144409762,synthetic_example.csv
2025-01-01 10:00:11,7.317340209811226,7.72547613758347,6.10983121623993,16.29708665533565,56.96463477571878,101.31301696286681,synthetic_example.csv
2025-01-01 10:00:12,7.533647847785406,7.565182049025122,5.97767302558209,18.534269730107432,58.967677033084954,101.45464852896897,synthetic_example.csv
2025-01-01 10:00:13,7.061308868941793,7.90000916642532,6.250384600334649,20.423122333193824,63.97894974325789,101.42369425883136,synthetic_example.csv
2025-01-01 10:00:14,7.351796825149968,7.727442644202257,5.7542555139946705,20.534746620407258,67.55751115217797,101.45063057447801,synthetic_example.csv
2025-01-01 10:00:15,7.429732854403291,7.466708527563744,7.197062940364999,22.648412260797308,70.09958403977575,101.37996758864168,synthetic_example.csv
2025-01-01 10:00:16,7.3491087429954,7.700779527993477,5.3568419424431974,17.193470222561754,68.77660087000359,101.3163686238431,synthetic_example.csv
2025-01-01 10:00:17,7.573132931801826,7.586447281609493,6.232274235999254,19.639140157028642,72.77414667423196,101.47519688006909,synthetic_example.csv
2025-01-01 10:00:18,7.491688744654558,7.742778714253986,7.172238064752446,18.974302390241814,79.713318261273,101.30268478187652,synthetic_example.csv
2025-01-01 10:00:19,7.360589035360652,7.730318521074342,6.1736542392584575,20.207634002767946,81.90704142216602,101.43188248949455,synthetic_example.csv
2025-01-01 10:00:20,7.4081899555014905,7.47928396505985,6.03037100810845,16.947855132856407,77.58957613548054,101.52676550997055,synthetic_example.csv
2025-01-01 10:00:21,7.261886531966334,7.5055077433915605,5.972549745907956,18.230723325149114,85.32027155479763,101.48090481976183,synthetic_example.csv
2025-01-01 10:00:22,7.35652014893032,7.57044047831477,6.0570935090576725,17.823999274551237,81.95437409526865,101.61024055560753,synthetic_example.csv
2025-01-01 10:00:23,7.237963316160302,7.621717248430162,6.860340993589735,20.49734770205988,90.38608054798819,101.55178639637411,synthetic_example.csv
2025-01-01 10:00:24,7.387246964781543,7.587380213619316,5.05300932940916,17.64504831674457,97.09458596453756,101.44020810594441,synthetic_example.csv
2025-01-01 10:00:25,7.33506942776222,7.64059397379591,6.915547192079929,19.245232923034468,92.13129010355956,101.49361794729477,synthetic_example.csv
2025-01-01 10:00:26,7.270152744722604,7.814344619960231,5.459449930992946,19.583365782437777,95.64639465762623,101.49388086478349,synthetic_example.csv
2025-01-01 10:00:27,7.35220440560594,7.613852992475206,6.012786455835967,17.18695210536048,101.18758164423885,101.39169432114495,synthetic_example.csv
2025-01-01 10:00:28,7.245114554630869,7.554472523541436,5.948571619538891,18.99596398875327,98.45453450510925,101.4416213144307,synthetic_example.csv
2025-01-01 10:00:29,7.196819395538864,7.668270502656716,6.452928522001938,20.400190531362455,102.94028238801445,101.47294507069634,synthetic_example.csv
2025-01-01 10:00:30,7.202383131416763,7.752331721099813,5.365840862536827,19.025100994269668,108.59905764133403,101.37415274403453,synthetic_example.csv
2025-01-01 10:00:31,7.442125812077666,7.4499482626917475,6.358255207643913,17.463012714516996,106.21816994229326,101.52423783110108,synthetic_example.csv
2025-01-01 10:00:32,7.25585683724289,7.613065463804275,7.1685261908041555,18.26068552029662,110.78960632903832,101.50743347035424,synthetic_example.csv
2025-01-01 10:00:33,7.327631889042521,7.698244836039528,5.494371695156717,21.064176895777095,116.2912510604417,101.4114464073844,synthetic_example.csv
2025-01-01 10:00:34,7.345780461599358,7.512237319476419,6.239233132146887,18.889724361564927,116.37875735426489,101.56024513530197,synthetic_example.csv
2025-01-01 10:00:35,7.45380856110831,7.7666402366635925,5.849996797253979,22.496934311476473,119.7683288053444,101.58517919893924,synthetic_example.csv
2025-01-01 10:00:36,7.405955362944334,7.612334778160868,6.368863941574929,18.786192150653843,119.37418480859861,101.55379120101213,synthetic_example.csv
2025-01-01 10:00:37,7.1063023314739295,7.8057435525383685,6.207699156350145,22.493152811141506,125.07480757270169,101.51775404616278,synthetic_example.csv
2025-01-01 10:00:38,7.073490430014913,7.661233260277757,5.865318863179322,21.093082434433125,125.51499244783005,101.58408604699129,synthetic_example.csv
2025-01-01 10:00:39,7.40743142893006,7.597753147097537,6.402600259620676,20.439726336037467,127.86051605584274,101.59225030218788,synthetic_example.csv
2025-01-01 10:00:40,7.338128153754448,7.6579752347062024,7.052640521014875,17.883150068771727,127.13327940257746,101.56780402794628,synthetic_example.csv
2025-01-01 10:00:41,7.334495857962291,7.611362022790465,6.065396587784782,20.034326770312667,130.48344636884292,101.48991292520553,synthetic_example.csv
2025-01-01 10:00:42,7.537809041662102,7.801968293343219,6.526707929148064,19.494996792566987,130.78255720883155,101.56804529519982,synthetic_example.csv
2025-01-01 10:00:43,7.243687287648695,7.647766163891745,5.52451343923783,19.916558769599444,135.38374455034716,101.63311052053866,synthetic_example.csv
2025-01-01 10:00:44,7.21831624147673,7.781457304041045,5.71722631447362,21.731330623989866,136.55828158642026,101.5081017402093,synthetic_example.csv
2025-01-01 10:00:45,7.119667602771374,7.789711945270877,6.4172849786559265,20.90697127759087,137.1097932348698,101.6968551571275,synthetic_example.csv
2025-01-01 10:00:46,7.211638680062956,7.587583863226319,6.919137683501916,20.266131318799737,142.28444248426,101.51303343357063,synthetic_example.csv
2025-01-01 10:00:47,7.567713280698961,7.462146121588724,6.3289701742516025,18.86250716291464,142.68594795510754,101.55161906182991,synthetic_example.csv
2025-01-01 10:00:48,7.236694725040089,7.531931392342974,6.007679518080668,21.092016462421054,146.71563656832402,101.50149491031006,synthetic_example.csv
2025-01-01 10:00:49,7.216794492271117,7.902388293548667,6.206996036713047,23.448449063107372,147.69615435176996,101.56311250586097,synthetic_example.csv
2025-01-01 10:00:50,7.354998199180007,7.618309227381289,5.541262168468768,20.534468397076093,149.5915035052805,101.4241403143778,synthetic_example.csv
2025-01-01 10:00:51,7.135698933207939,7.9186654451815315,6.483024879027962,20.177743564299302,152.53757316695643,101.50618452808251,synthetic_example.csv
2025-01-01 10:00:52,7.212917780996154,7.692483442293391,6.628819836320281,20.214765836290162,154.4329794260282,101.46597198948929,synthetic_example.csv
2025-01-01 10:00:53,7.396428558107636,7.668869966959605,5.938195676005813,20.471363058929605,151.74302898762048,101.54961100332429,synthetic_example.csv
2025-01-01 10:00:54,7.404872527813707,7.753162690444164,5.922883822323252,19.969442997313994,155.54055508090588,101.60717209607404,synthetic_example.csv
2025-01-01 10:00:55,7.167167985553319,7.800617122062494,6.293512109160447,20.74362250933318,157.9581897513577,101.57991443691468,synthetic_example.csv
2025-01-01 10:00:56,7.02986172505483,7.928857262562242,5.977223937193626,21.04519900654926,160.75820410908213,101.36552433824261,synthetic_example.csv
2025-01-01 10:00:57,7.13600747819526,7.828101299493783,6.152760676346051,20.749356028349588,156.69420546820615,101.67104897731174,synthetic_example.csv
2025-01-01 10:00:58,7.224351402698072,7.773672415294803,7.224331074617345,18.565841460810596,163.32908662020725,101.54505862233934,synthetic_example.csv
2025-01-01 10:00:59,7.364581182985308,7.699641616138695,6.0402341569366556,19.09052328670201,169.44305262922825,101.4660448671801,synthetic_example.csv
2025-01-01 10:01:00,7.1454083123680165,7.81220431359857,6.01215975569877,22.352939547618355,166.27849169119844,101.52714027126932,synthetic_example.csv
2025-01-01 10:01:01,7.005708419172815,7.699357528785227,5.865615601077486,20.756395928601293,166.86227612159473,101.52395204660185,synthetic_example.csv
2025-01-01 10:01:02,7.0384965004644835,7.755519467574029,6.585835276967256,23.547358606677232,172.54583321285378,101.46015824846435,synthetic_example.csv
2025-01-01 10:01:03,7.025194868647668,7.841007335346562,6.129919503456174,23.189495825470978,174.3345349122523,101.51565802377391,synthetic_example.csv
2025-01-01 10:01:04,7.24396760008733,7.702605378317909,5.856716245094559,21.000671334590198,175.9050815496263,101.45400044410178,synthetic_example.csv
2025-01-01 10:01:05,7.337730647256607,7.65668591294753,6.835455969846623,19.08025283830415,170.893786152158,101.46269771189066,synthetic_example.csv
2025-01-01 10:01:06,7.112924250993462,7.860454349696075,6.918236538964399,22.623481783284298,179.3828605303036,101.43720970352973,synthetic_example.csv
2025-01-01 10:01:07,7.183530377436607,7.820787688654999,5.889446763441222,18.250429332403634,179.44271736170134,101.37898211855473,synthetic_example.csv
2025-01-01 10:01:08,7.026293300165243,7.809705381777328,5.2744835352579535,22.304077253939305,180.15652839256023,101.48327850785685,synthetic_example.csv
2025-01-01 10:01:09,6.7149909557248835,8.005875930147894,6.740489155005344,22.88166937974587,184.39790850394837,101.50763031564004,synthetic_example.csv
2025-01-01 10:01:10,7.025615210641402,7.739597416003587,5.874733543409065,24.343232684823242,186.53425684425534,101.49608699305513,synthetic_example.csv
2025-01-01 10:01:11,7.1244913211681675,7.74780337614196,6.590700191520769,22.41304933440273,186.30773599307824,101.51063016219338,synthetic_example.csv
2025-01-01 10:01:12,6.908222555482022,7.830340239309451,5.251684896444602,24.979128264950948,185.0369433859839,101.4689422490418,synthetic_example.csv
2025-01-01 10:01:13,6.928913023418092,7.640305425295869,6.6498937213902884,23.723712212696793,189.48237946761773,101.4017720243951,synthetic_example.csv
2025-01-01 10:01:14,6.381541283750933,8.099740720867517,5.721469256530341,29.64872925810285,194.741344679805,101.49049375653411,synthetic_example.csv
2025-01-01 10:01:15,7.017409487746543,7.860611288928852,6.595953496980654,25.828482911288315,191.92330307023545,101.32918461111014,synthetic_example.csv
2025-01-01 10:01:16,6.787983526005189,8.058552865214654,6.262350582145673,26.769356694094792,194.59453640566588,101.35350564202382,synthetic_example.csv
2025-01-01 10:01:17,6.783396022071018,8.030787126695433,5.795090114447389,26.73227701840004,196.23048735240596,101.34125803703236,synthetic_example.csv
2025-01-01 10:01:18,6.742078353027195,7.884979108612589,6.063173400009473,27.820374998926596,200.6596594013515,101.47642250301327,synthetic_example.csv
2025-01-01 10:01:19,6.439085076532799,8.28459178857769,6.684534558160714,30.398203188901554,202.17349900465535,101.45875713791929,synthetic_example.csv
2025-01-01 10:01:20,6.7382781354410985,8.117555840531722,6.341367998364806,27.204479484276966,198.5746503558631,101.41870334088433,synthetic_example.csv
2025-01-01 10:01:21,6.641259155872216,8.039394101094386,6.569353258422007,26.67818073905705,201.1381553653936,101.45135374807498,synthetic_example.csv
2025-01-01 10:01:22,6.820776246649616,7.9086178618584,7.239350413275697,24.980800800377505,202.4950334764461,101.30640230463455,synthetic_example.csv
2025-01-01 10:01:23,6.475777865173103,8.01152268481488,5.536523155615244,28.958425232568008,209.69375242849392,101.38390418009456,synthetic_example.csv
2025-01-01 10:01:24,6.411441304565609,8.09599540156011,7.144900039405606,32.99490429460133,210.16168443803716,101.3422180375875,synthetic_example.csv
2025-01-01 10:01:25,6.437108832709438,8.20553377775372,6.384955188965105,30.89039253399904,207.62320064485465,101.4016774362629,synthetic_example.csv
2025-01-01 10:01:26,6.651217058628324,8.179269141649742,5.842704742284298,28.789331148543965,215.31035543557073,101.32569363774813,synthetic_example.csv
2025-01-01 10:01:27,6.475266124124991,8.21110289686316,5.653195251136448,29.526695444430846,212.21072258687798,101.29813573184728,synthetic_example.csv
2025-01-01 10:01:28,6.504206971646732,8.129267105638158,6.262763104938143,30.502584824969617,217.64541990430868,101.35423708706261,synthetic_example.csv
2025-01-01 10:01:29,6.401831190428366,8.015866796126815,6.7874482880902995,31.12122372406431,213.9285824064779,101.36897708509501,synthetic_example.csv
2025-01-01 10:01:30,6.387724048633321,8.164126485827158,6.28576565431451,29.89033806671457,217.82852440346102,101.25212349190409,synthetic_example.csv
2025-01-01 10:01:31,6.4515557542233175,7.961594036015583,7.0810902106525715,30.62753892011567,218.68070237013177,101.28589610525806,synthetic_example.csv
2025-01-01 10:01:32,6.382768942641956,8.272753739852782,5.673347263591945,33.75714675824195,223.88802959409392,101.20735631256845,synthetic_example.csv
2025-01-01 10:01:33,6.280137861657187,8.222571874233827,6.386000183055911,38.051988561792555,224.35766399285464,101.09788130706387,synthetic_example.csv
2025-01-01 10:01:34,6.325008588359564,8.218693951004271,5.777795869754369,37.363797971342116,225.4966747360008,101.27810947158707,synthetic_example.csv
2025-01-01 10:01:35,5.891835604848721,8.229759571887293,6.645970895141139,40.16432429223063,225.87641899554797,101.29807627951966,synthetic_example.csv
2025-01-01 10:01:36,6.284667925322997,8.276875623498794,6.836258043277511,37.08603848141667,223.6604099293824,101.26522761324523,synthetic_example.csv
2025-01-01 10:01:37,6.312160753250793,8.212593463513242,6.1931820932500115,34.801556677873485,227.44119870551916,101.101908543474,synthetic_example.csv
2025-01-01 10:01:38,6.165429116767258,8.198485995891607,5.122528872464343,38.23250297457249,230.84363600431968,101.20538861676144,synthetic_example.csv
2025-01-01 10:01:39,6.199399965564334,8.098247414474292,6.545521852033686,39.13268191041731,229.82905445712163,101.06631953183782,synthetic_example.csv
2025-01-01 10:01:40,5.840236795527598,8.438054188567328,6.737059122490198,43.9058419025578,236.6384780990661,101.30923453019633,synthetic_example.csv
2025-01-01 10:01:41,6.145438509723702,8.519165040341651,6.679034525565031,42.888992014275104,237.23968677045204,101.12918906637853,synthetic_example.csv
2025-01-01 10:01:42,6.214378683822162,8.521467156248452,7.102002965496389,42.48171892244548,232.60934787579913,101.28506437917575,synthetic_example.csv
2025-01-01 10:01:43,5.850088278343377,8.406812544582195,5.985316776703839,44.08413262217366,235.0875634524655,101.25549585246894,synthetic_example.csv
2025-01-01 10:01:44,5.903253267308105,8.36088406672268,6.83769583101578,39.337245127233075,237.0589313000725,101.11847776826775,synthetic_example.csv
2025-01-01 10:01:45,6.14314867423096,8.41862626089923,7.075547113021243,39.39237403865318,238.53591296324407,101.09460301439569,synthetic_example.csv
2025-01-01 10:01:46,6.335116043268188,8.201058723704508,5.528875870624471,36.81023349900182,235.1142833435593,101.19095680769425,synthetic_example.csv
2025-01-01 10:01:47,5.8489477537377805,8.459221013960962,6.674963192684794,43.387309771403615,244.36680366072582,101.1000243278244,synthetic_example.csv
2025-01-01 10:01:48,5.839271172660352,8.507505930292528,6.270716987731413,41.72691601626146,243.27539945239383,101.15916916299837,synthetic_example.csv
2025-01-01 10:01:49,5.772085838842779,8.589639844226857,6.514175670101756,50.07931023540725,244.33435180225376,101.11124635720097,synthetic_example.csv
2025-01-01 10:01:50,5.35498787681081,8.657121691639551,6.867424284383919,56.94392262285286,245.6836226149331,101.0136015651771,synthetic_example.csv
2025-01-01 10:01:51,5.650079138105432,8.507772277261171,6.335437280435457,48.259122951061364,243.60557428718337,100.97558583454403,synthetic_example.csv
2025-01-01 10:01:52,5.621467944212176,8.465035567105838,6.249688901636697,47.76649943464485,248.7936489081463,101.14122803058395,synthetic_example.csv
2025-01-01 10:01:53,5.963376920401463,8.291316654458358,6.481313603318113,39.6609101764882,239.43091222041502,101.07990599223525,synthetic_example.csv
2025-01-01 10:01:54,5.613836486629752,8.57557880000585,6.089850852167411,48.39405023122131,253.8481540733839,101.07457452026031,synthetic_example.csv
2025-01-01 10:01:55,5.681576154276293,8.60026528461464,6.072282394460197,49.40604429928472,251.27507117557658,101.15630515867078,synthetic_example.csv
2025-01-01 10:01:56,5.7286645756943,8.691191956362351,6.993199783409188,51.98244321750742,261.8055427116537,101.18427460046982,synthetic_example.csv
2025-01-01 10:01:57,5.264712647057978,8.670647797476535,6.182315071451923,54.244887924825974,263.1718586822496,101.07783620242822,synthetic_example.csv
2025-01-01 10:01:58,5.78215074708539,8.676009660751358,6.9371335622187145,49.247962015116535,253.502983622336,101.06810123252632,synthetic_example.csv
2025-01-01 10:01:59,5.569599204274126,8.586703809731569,6.876774359244118,50.67924995902711,255.80866685016264,101.12223615417065,synthetic_example.csv
2025-01-01 10:02:00,5.590010911642734,8.604472473833702,5.780756808577691,47.00865836688968,259.3580729463161,100.9877836055061,synthetic_example.csv
2025-01-01 10:02:01,5.390043922336865,8.698581091454667,6.440175215881482,56.2346911594133,265.6958096043652,101.09419816177795,synthetic_example.csv
2025-01-01 10:02:02,5.554943374142583,8.371874869985396,7.208254307025227,48.209676302627315,253.44470069525872,101.11328833865257,synthetic_example.csv
2025-01-01 10:02:03,5.26197059093498,8.884295271125822,6.342847356315252,65.60476154489771,260.0033127859805,101.11862661859871,synthetic_example.csv
2025-01-01 10:02:04,5.539910173826829,8.705180954631258,6.445044407426192,53.9588253963898,259.5971664786926,100.93207176315278,synthetic_example.csv
2025-01-01 10:02:05,5.80389299028184,8.494463027109484,6.804757438001716,44.30555390346856,260.1908266213587,101.01126740912365,synthetic_example.csv
2025-01-01 10:02:06,5.285685668563781,8.800473247782339,7.206581207005311,61.23947773184733,267.69523023536163,101.0002893189651,synthetic_example.csv
2025-01-01 10:02:07,5.558407300590771,8.805043603234505,6.658394196410416,54.88637711808801,269.1374131347101,101.06625635927628,synthetic_example.csv
2025-01-01 10:02:08,5.3423736715566585,8.586658431722865,6.436429757548977,58.36321886175467,262.9377341092259,101.09070703459568,synthetic_example.csv
2025-01-01 10:02:09,5.247973776262649,8.72803856236883,7.5017321110273345,57.7266522694096,262.3894043615348,101.15991209907179,synthetic_example.csv
2025-01-01 10:02:10,5.061057334675545,8.933178870084138,7.761324510036384,63.601811903724204,273.58709642332786,101.01888139508281,synthetic_example.csv
2025-01-01 10:02:11,5.313323066674918,8.632144027852718,7.243880521942121,59.98201659775416,266.66483728310266,101.01738663474484,synthetic_example.csv
2025-01-01 10:02:12,5.115498118268703,8.861912581552868,6.901603005119642,59.04915523975277,267.1154981370384,101.13168420787339,synthetic_example.csv
2025-01-01 10:02:13,5.528900110648708,8.600984277687193,6.329084792336332,52.715187627208756,269.98359694789724,101.07126196857801,synthetic_example.csv
2025-01-01 10:02:14,5.321529110067821,8.875607231441341,6.443581346132053,60.79446957719126,275.6093729010333,101.13883642643435,synthetic_example.csv
2025-01-01 10:02:15,5.4965733956519305,8.626408339036571,6.924099122501942,54.137088296299666,268.6895508239195,101.07021632969949,synthetic_example.csv
2025-01-01 10:02:16,5.095202876483216,8.709663433717925,7.068606606770241,58.49220365039829,273.9285961241428,100.9692171827,synthetic_example.csv
2025-01-01 10:02:17,5.28756681690767,8.89742361072817,7.52481608599405,53.672557790608465,274.4872889507284,100.95741150884407,synthetic_example.csv
2025-01-01 10:02:18,5.352051630158733,8.652265575952752,7.059834096143222,54.90087107983827,272.2452473755749,100.94294432568547,synthetic_example.csv
2025-01-01 10:02:19,5.134893494521388,8.833739892175526,6.171760299943208,66.76161631108101,275.32635449971485,101.09901704132136,synthetic_example.csv
2025-01-01 10:02:20,5.31322323379767,8.790957217924708,7.320949116727593,61.897539373385065,274.3872688471102,101.13730058830929,synthetic_example.csv
2025-01-01 10:02:21,5.298337901484471,8.77910356412931,6.2140487949899015,53.737372639469434,275.85882593041083,101.18527998497022,synthetic_example.csv
2025-01-01 10:02:22,5.129266572793619,8.871531364788803,6.792668095932155,66.99186696425537,282.92822662372964,101.11686615078737,synthetic_example.csv
2025-01-01 10:02:23,5.431018976778983,8.803030275224462,6.942958970761808,63.0006677549744,279.16754129130146,101.1415674655057,synthetic_example.csv
2025-01-01 10:02:24,5.190370577817442,8.832279286915552,7.815570886593532,55.71152704208379,276.8974708829921,101.02218062003335,synthetic_example.csv
2025-01-01 10:02:25,5.283469450879343,8.813986567264237,8.334089656953015,57.34271968230705,278.52894590448346,100.98473547267866,synthetic_example.csv
2025-01-01 10:02:26,5.015313330619271,8.9600907920931,7.280121723985881,68.27649284506069,279.0912345095144,101.1283792214641,synthetic_example.csv
2025-01-01 10:02:27,4.994236521713091,8.93110259913373,6.901989616406404,69.74033265239315,285.9880939402708,101.10158278478112,synthetic_example.csv
2025-01-01 10:02:28,5.311795204107091,8.734955950743247,7.088178937379411,59.14382475158035,285.5277040569294,101.0836158366272,synthetic_example.csv
2025-01-01 10:02:29,5.399262608912383,8.834701956915945,7.29179671308068,61.802221324449974,279.5788142382667,101.10723388571327,synthetic_example.csv
2025-01-01 10:02:30,5.161094485567794,8.752906894587543,6.698869993074236,56.069452957858154,282.6844666379156,101.10703265560018,synthetic_example.csv
2025-01-01 10:02:31,5.102210818799642,8.603153588421165,7.75492334055518,60.538018235775276,285.5135772577222,101.17883203645228,synthetic_example.csv
2025-01-01 10:02:32,4.866033823030927,8.971269550155462,7.080738994022692,68.48350833577823,291.0557560343198,101.18442686107214,synthetic_example.csv
2025-01-01 10:02:33,5.066329449349892,8.93298540595707,7.131181436503376,60.893551067327394,285.3639953674706,101.13693825787223,synthetic_example.csv
2025-01-01 10:02:34,5.1336313077318945,8.673020631991953,7.216743453118202,63.60422941500728,285.3604050405144,101.16335975850964,synthetic_example.csv
2025-01-01 10:02:35,5.14033003383272,8.879639775036484,7.20432674246623,69.73144951409094,285.36748493469366,101.14568793316201,synthetic_example.csv
2025-01-01 10:02:36,5.310028526273406,8.78597545736023,7.17762773954191,56.3728035222231,285.086792604606,101.08320416251547,synthetic_example.csv
2025-01-01 10:02:37,5.15142242551556,9.031068482062775,6.57985843564677,64.11356659060412,293.9814774418715,101.17445348779009,synthetic_example.csv
2025-01-01 10:02:38,4.8421921394278495,9.02746710913165,6.793264413349172,69.13133667834681,294.4058705056396,101.0301053099429,synthetic_example.csv
2025-01-01 10:02:39,5.252472813940381,8.805664443387295,6.335672748549428,63.02351596132321,289.82841911171346,101.20792885852964,synthetic_example.csv
2025-01-01 10:02:40,5.106873066372055,9.005392346411757,7.284995564652044,73.34717373376454,295.44239506253257,101.05717894638836,synthetic_example.csv
2025-01-01 10:02:41,5.07664127598477,8.976076542930855,7.277544928475509,64.05959087980409,290.96593364301464,101.16763539051111,synthetic_example.csv
2025-01-01 10:02:42,5.127901387780519,8.788086845748781,7.089219518159585,60.859959380283286,288.7604155919697,101.09548814869765,synthetic_example.csv
2025-01-01 10:02:43,4.945452713456101,8.963431270764458,7.91160734274971,72.62705994647177,298.46551345101057,101.20058350073636,synthetic_example.csv
2025-01-01 10:02:44,5.188741206321603,8.83259325879447,6.890765362704134,65.74841457558645,293.22541297445605,101.16683763975763,synthetic_example.csv
2025-01-01 10:02:45,5.203368089786183,8.851848525704893,7.290706618994465,61.35845437621198,294.75742460745346,101.06510541019249,synthetic_example.csv
2025-01-01 10:02:46,5.1309043887473536,8.907864629971664,6.376889201325618,68.32114525246487,291.9452347979351,101.21386381646968,synthetic_example.csv
2025-01-01 10:02:47,5.196362041787617,8.938762879472053,6.635042186587154,59.940958596190725,295.67712947202267,101.15177811761545,synthetic_example.csv
2025-01-01 10:02:48,4.930816009212947,9.036054367560379,7.400924580824027,72.299084298737,300.090554956261,101.26186223559745,synthetic_example.csv
2025-01-01 10:02:49,4.88457314782369,9.044795023686879,7.546610352068053,77.48130692566275,299.0299486207397,101.20834610788263,synthetic_example.csv
2025-01-01 10:02:50,4.819643195258838,9.061810367071343,7.00135021836256,70.87699375718766,303.9471488385318,101.24411621350295,synthetic_example.csv
2025-01-01 10:02:51,4.7874928235135465,8.960563443460703,7.113143493445039,72.88693654001287,300.68223677819793,101.1576924448482,synthetic_example.csv
2025-01-01 10:02:52,4.95413239624045,9.094424183140596,6.310957703819405,70.96599829247921,298.72969699645,101.19184651225686,synthetic_example.csv
2025-01-01 10:02:53,5.020751710048095,8.986063938987831,6.85286111026248,67.95909881068094,298.3709448868867,101.20945429517369,synthetic_example.csv
2025-01-01 10:02:54,5.018304604098949,8.991111431601666,7.492649309388359,75.76371875361136,296.65929575530515,101.31005880409262,synthetic_example.csv
2025-01-01 10:02:55,5.022830795919384,9.217495015981896,7.283041395274886,66.24045649934727,301.5023807816091,101.37609763474076,synthetic_example.csv
2025-01-01 10:02:56,4.793155158242481,9.068680083592444,7.346565869515624,71.2681893873841,298.48230686825724,101.21096130474967,synthetic_example.csv
2025-01-01 10:02:57,5.049249716818954,8.859099467326592,6.97120661260291,66.9250627517609,296.92783499068713,101.35138470857416,synthetic_example.csv
2025-01-01 10:02:58,4.857302604386501,9.05157362709714,7.1525582571388275,71.41165317265028,299.8750755481584,101.13283924544896,synthetic_example.csv
2025-01-01 10:02:59,5.131307873685506,8.911440691007964,6.509364336968274,60.33070819360613,297.8368711145842,101.2098534050708,synthetic_example.csv
2025-01-01 10:03:00,4.896270172956737,9.026167806890923,7.411053875721722,72.35503962423579,303.6189406359193,101.23507017612563,synthetic_example.csv
2025-01-01 10:03:01,4.55604356114848,9.049544176376541,7.467183592397399,78.07562269848658,307.71506380581576,101.21624439561954,synthetic_example.csv
2025-01-01 10:03:02,4.547808972524015,9.266325152909948,7.5430647066174075,80.29163364574987,307.1267370879277,101.20879081104445,synthetic_example.csv
2025-01-01 10:03:03,4.9237885686906555,8.999106863453104,6.843101454403426,71.74115485128763,303.2821458173709,101.3572499192728,synthetic_example.csv
2025-01-01 10:03:04,4.682403155972953,9.276528440785407,6.127293008207551,72.48064581942121,309.8536140901979,101.32201862965552,synthetic_example.csv
2025-01-01 10:03:05,4.812942568543099,9.132059703292448,7.645919112827156,73.87170915258267,305.43498496596123,101.37217991101868,synthetic_example.csv
2025-01-01 10:03:06,4.61864053318738,9.0398548956222,6.896460746964122,79.72507285758844,308.83585871637615,101.40251704839072,synthetic_example.csv
2025-01-01 10:03:07,4.723278863374863,9.237324555624765,6.7837897399106275,77.63761900614846,307.8858120992757,101.3812733785124,synthetic_example.csv
2025-01-01 10:03:08,4.566337100408738,9.222319085130092,7.679137094208681,82.57896759811173,313.2470401504268,101.4171432612445,synthetic_example.csv
2025-01-01 10:03:09,4.587318730899573,9.358182615990602,7.2482930254264435,87.97613073626476,318.4930054701498,101.37456536349859,synthetic_example.csv
2025-01-01 10:03:10,4.51314105701691,9.232132843324958,7.827846628821513,76.52867179156188,314.35185024284783,101.30457882520254,synthetic_example.csv
2025-01-01 10:03:11,4.774845456218028,9.00887944673746,7.445617551500021,79.62160759752607,308.9190986629746,101.46984398621,synthetic_example.csv
2025-01-01 10:03:12,4.655488631881391,9.093472805008753,7.570944606931351,78.73915429464323,312.8944730060653,101.36257073669739,synthetic_example.csv
2025-01-01 10:03:13,4.520845459089636,9.376767156315669,6.768308640893321,91.43230280245643,316.2449871688163,101.34620161073043,synthetic_example.csv
2025-01-01 10:03:14,4.587174139383867,9.137083466063944,7.8616218353066705,76.77161884239376,313.5234576873703,101.40698740609172,synthetic_example.csv
2025-01-01 10:03:15,4.647601219023298,9.118727036510826,7.368228303181126,84.12556921785969,312.6757530830387,101.36314727251236,synthetic_example.csv
2025-01-01 10:03:16,4.446410805129272,9.205378905965437,7.246783338365959,87.8266913379128,317.1462342193612,101.40527107519172,synthetic_example.csv
2025-01-01 10:03:17,4.571723166976143,9.222134112339166,7.362177079984045,82.1347302243005,315.77040790256854,101.46585782863414,synthetic_example.csv
2025-01-01 10:03:18,4.4784474641222465,9.369991997725785,6.426735018453705,81.98567672546773,313.57380538833604,101.47326761746169,synthetic_example.csv
2025-01-01 10:03:19,4.317824087490572,9.245104557490231,7.7139023623017255,86.8007251663039,317.43339621131554,101.39296333593848,synthetic_example.csv
2025-01-01 10:03:20,4.664590395407208,9.187856946838162,6.7724395452319515,84.08939507886882,312.7077511522862,101.42840944875763,synthetic_example.csv
2025-01-01 10:03:21,4.458071954620792,9.29694381431811,6.607977113167681,80.58486508655203,312.4492996229056,101.54429092756425,synthetic_example.csv
2025-01-01 10:03:22,4.632425130129423,9.144966542940084,6.4768689443683565,72.26728007753323,312.7939461505448,101.51016783724408,synthetic_example.csv
2025-01-01 10:03:23,4.51277565815637,9.207829512648019,7.823017912143122,75.94232640929428,317.1362381119857,101.62679227663833,synthetic_example.csv
2025-01-01 10:03:24,4.239851248136202,9.344995330640145,7.365164982556701,91.97700191575079,322.2249332673523,101.57004279957752,synthetic_example.csv
2025-01-01 10:03:25,4.014798192573661,9.438122719609657,8.400533372453378,92.49981554691028,325.31103016280974,101.57320145090927,synthetic_example.csv
2025-01-01 10:03:26,4.338064380597567,9.262160516283412,7.156224597590001,84.75427403291435,320.78996631854784,101.40138132771916,synthetic_example.csv
2025-01-01 10:03:27,4.399416537469605,9.374013484594261,179.26601591194265,90.05689121924728,316.6061290384788,101.55719098696714,synthetic_example.csv
2025-01-01 10:03:28,4.486343758467931,9.407969431725155,219.58376853272944,80.00752813043053,323.98037037329823,101.5049430291479,synthetic_example.csv
2025-01-01 10:03:29,4.865060152746229,9.217437556907065,262.414017590568,71.5008455400435,315.9260348510273,101.47477659367847,synthetic_example.csv
2025-01-01 10:03:30,4.219740428637507,9.389813436448772,304.24521976406555,81.9053314990372,321.33133779487247,101.5295305565572,synthetic_example.csv
2025-01-01 10:03:31,4.531661869443663,9.331358002329452,343.50427863572054,89.0133592810496,324.05854468135004,101.58809239590757,synthetic_example.csv
2025-01-01 10:03:32,4.134360845027241,9.356813719891173,378.25599149218465,87.88473758626725,322.19378237965526,101.56087276847936,synthetic_example.csv
2025-01-01 10:03:33,3.9726381961171104,9.361413836281265,405.1629137596483,92.17900356433836,326.26297161020597,101.46793247364562,synthetic_example.csv
2025-01-01 10:03:34,4.027127273062945,9.533725170248523,422.5868635034269,93.08443719051996,326.51804772612314,101.58472854853457,synthetic_example.csv
2025-01-01 10:03:35,4.096704226526422,9.391514997938701,428.37772237045147,96.63411187580668,322.8359578019257,101.49117171435132,synthetic_example.csv
2025-01-01 10:03:36,3.7286367767823965,9.605243892514205,422.0162331640153,104.6437359623161,331.7418554372215,101.55372898928657,synthetic_example.csv
2025-01-01 10:03:37,3.968484840418093,9.659806579808745,404.553892392049,101.0045315736287,331.58834288257736,101.51979353589485,synthetic_example.csv
2025-01-01 10:03:38,3.8418234431867866,9.51868309983166,378.44634122277625,100.28194465551638,332.47236505269126,101.52787979978682,synthetic_example.csv
2025-01-01 10:03:39,3.83397252210874,9.649649850318873,344.3618479786592,101.18672155276025,329.59904757737485,101.59871271548461,synthetic_example.csv
2025-01-01 10:03:40,4.137901912989232,9.45402317766874,303.84994469786346,86.0873293910851,325.73744228825325,101.47383799861504,synthetic_example.csv
2025-01-01 10:03:41,3.535568976393221,9.795973409235026,262.722149485088,113.66084232080314,340.906514981571,101.68408972264245,synthetic_example.csv
2025-01-01 10:03:42,3.968507125094536,9.381389037388361,220.74033916470648,105.04801045428,333.02554177029316,101.42142165058985,synthetic_example.csv
2025-01-01 10:03:43,3.4185808185550295,9.767868462570926,181.13475982013793,115.08408920465487,341.5391536936612,101.50772845811704,synthetic_example.csv
2025-01-01 10:03:44,3.80109434295617,9.81526369561735,144.61647443259358,102.79482142732525,336.62780990226776,101.5758426457178,synthetic_example.csv
2025-01-01 10:03:45,3.7724190658747805,9.562749027684857,112.28287345665133,100.6159469810331,337.21950063869514,101.59088707649872,synthetic_example.csv
2025-01-01 10:03:46,3.4990922063848227,9.611887280539504,86.32050631443812,99.5839304094631,335.2971508306188,101.54270363981335,synthetic_example.csv
2025-01-01 10:03:47,3.3254005857818103,9.795054694958075,64.90632488959936,113.67855783071673,343.87204327246536,101.5451663335946,synthetic_example.csv
2025-01-01 10:03:48,3.4268842118340723,9.882098902495668,49.10821721157127,112.27810572006699,345.2583864477565,101.57706449441022,synthetic_example.csv
2025-01-01 10:03:49,3.692838789163329,9.726151081600568,36.30492968971595,96.7735326665698,339.89951565330364,101.53099004160603,synthetic_example.csv
2025-01-01 10:03:50,3.3349562505193697,9.836160970237335,26.090755617704797,106.73435372581012,343.4573413471989,101.64322453917102,synthetic_example.csv
2025-01-01 10:03:51,3.5463608530537005,9.740971219338283,19.911597288953736,107.19787056520015,340.4110054472893,101.60269305216308,synthetic_example.csv
2025-01-01 10:03:52,3.3183058431726367,9.776795255417232,15.29777282477245,108.68861520023903,345.65755640136075,101.60297505296411,synthetic_example.csv
2025-01-01 10:03:53,3.4146879342472687,9.831074004349155,13.041767978640815,108.38250665674815,342.5574252938336,101.4718896014848,synthetic_example.csv
2025-01-01 10:03:54,3.7731265651327575,9.748605103827817,10.795362108456654,103.32039980951782,335.5915927492803,101.53131397500024,synthetic_example.csv
2025-01-01 10:03:55,3.568413142753545,9.774962685695202,9.3424935360013,110.80911189943859,342.54599573714495,101.51289974662598,synthetic_example.csv
2025-01-01 10:03:56,2.91623395895722,10.219194861155612,9.734767523804365,120.63595044476607,356.2041613253527,101.46031566124849,synthetic_example.csv
2025-01-01 10:03:57,3.3451398703982305,10.010285467473384,8.151104836003483,109.83382730541877,347.49760882912165,101.55241278073558,synthetic_example.csv
2025-01-01 10:03:58,3.1499357703464885,10.08381127326445,9.096811527195724,122.5168841326224,347.7116803056283,101.48578203491336,synthetic_example.csv
2025-01-01 10:03:59,3.4084134753266015,9.818196883234382,8.617909230631403,119.2389487718988,345.16162948794044,101.56523849904569,synthetic_example.csv
2025-01-01 10:04:00,3.0596732730452745,10.090746516298825,8.745960059010566,117.17582380761738,350.62061845703,101.4401218140469,synthetic_example.csv
2025-01-01 10:04:01,3.2325968797968425,9.998255118684014,9.069714445085001,114.57394781771913,348.89737766425685,101.63078034235845,synthetic_example.csv
2025-01-01 10:04:02,3.2107454560650863,9.876826616640994,8.543914853581798,117.84892266316174,351.83802278968324,101.4428593778768,synthetic_example.csv
2025-01-01 10:04:03,3.3005001227647113,9.953559545786609,8.632898691834727,113.12237436062881,345.53961863725647,101.51585779972436,synthetic_example.csv
2025-01-01 10:04:04,2.758103092357059,10.091680435309517,10.491397136103657,122.87914902786204,360.74385443419055,101.55059579361861,synthetic_example.csv
2025-01-01 10:04:05,3.0577166606920754,10.199102721319692,10.024254180605531,124.58801965468831,356.608582120361,101.44964137646768,synthetic_example.csv
2025-01-01 10:04:06,2.7812149367219208,10.103148472396036,8.657290753373502,112.83687229085001,358.52624297269847,101.54344795183381,synthetic_example.csv
2025-01-01 10:04:07,2.9556778680202225,10.19734378551827,9.992718023059703,129.93412304209042,356.03823306260097,101.39169671026745,synthetic_example.csv
2025-01-01 10:04:08,3.2366520393931637,9.944090543167974,9.18596781757037,114.86296946828334,349.4104548702703,101.57313506538136,synthetic_example.csv
2025-01-01 10:04:09,2.7844397677408783,10.075659581046999,8.617085406338626,118.76782489501186,351.52495859087264,101.46601502751479,synthetic_example.csv
2025-01-01 10:04:10,2.549799781479992,10.361479541038971,10.456920095528643,126.6827178814501,360.3678803865049,101.41661191630814,synthetic_example.csv
2025-01-01 10:04:11,2.8966193618039813,10.037593511014704,10.040693181126667,119.88545031733352,356.11549062226914,101.43056065155416,synthetic_example.csv
2025-01-01 10:04:12,3.2617895301952595,10.0262947981043,8.257591040914752,107.8338442213955,354.81389707867817,101.50108528796392,synthetic_example.csv
2025-01-01 10:04:13,2.8541273789755777,9.99323410843441,8.758189585210765,128.1339723716533,353.2296111144664,101.39633013888857,synthetic_example.csv
2025-01-01 10:04:14,2.2892355839243046,10.4381378874046,11.01720014491875,130.03699094547636,364.8426373157925,101.37740036763293,synthetic_example.csv
2025-01-01 10:04:15,2.336465279580453,10.476122037667558,10.152826088305643,129.55703863250395,362.4362004183955,101.40680259148537,synthetic_example.csv
2025-01-01 10:04:16,2.8195635900649973,10.051386290472845,9.671548290256801,126.52551444331321,353.9474522852432,101.33222812200937,synthetic_example.csv
2025-01-01 10:04:17,2.1618964446424314,10.334461298637814,10.444477713437644,123.67400566179262,366.63599933910587,101.5342188300888,synthetic_example.csv
2025-01-01 10:04:18,2.461443853454013,10.30937465062947,10.03665819589879,128.3003638004853,359.9980638703053,101.35916796377904,synthetic_example.csv
2025-01-01 10:04:19,2.7319381036299575,10.262481913567377,8.963444067071704,124.0195797480352,360.90295493034375,101.44894286217384,synthetic_example.csv
2025-01-01 10:04:20,2.324969287276393,10.504940870935679,11.236791714609266,135.27561574535844,367.1398939281473,101.3971958471602,synthetic_example.csv
2025-01-01 10:04:21,2.445919353498282,10.428324682385687,10.955602485343622,117.98006870003861,363.9011755908094,101.30531797838877,synthetic_example.csv
2025-01-01 10:04:22,1.5378537215859536,10.869477123100177,11.913833947822646,135.2096796076276,378.57474962965836,101.3654302568088,synthetic_example.csv
2025-01-01 10:04:23,2.1097247535920345,10.63934991274058,10.841372803238498,129.0422465299474,370.4020003660555,101.41225855771646,synthetic_example.csv
2025-01-01 10:04:24,2.252206556732539,10.506224815908393,9.58885526261042,133.03550682440567,367.92019177325966,101.33566124515184,synthetic_example.csv
2025-01-01 10:04:25,1.8737329516597665,10.601064644457844,11.509460132406664,135.88292013052256,371.4966304152497,101.42375895119049,synthetic_example.csv
2025-01-01 10:04:26,2.7474817843955592,10.334745116655744,10.188309576568589,122.68354710506497,364.3189414694165,101.40309946487615,synthetic_example.csv
2025-01-01 10:04:27,1.9607327709902376,10.83748033246951,11.410058491712054,130.4707064949188,379.68511602843205,101.38723117079849,synthetic_example.csv
2025-01-01 10:04:28,2.0430301751346795,10.567543841584385,11.725837999321865,132.11515593706878,372.91954707965743,101.28201691401539,synthetic_example.csv
2025-01-01 10:04:29,2.161668052253266,10.447760416559968,10.551991162887372,127.05701317176592,373.6802335071191,101.22987233385575,synthetic_example.csv
2025-01-01 10:04:30,2.4373999265038337,10.470388539853985,10.555814647825358,133.11899290779198,363.63894794611355,101.25377191767252,synthetic_example.csv
2025-01-01 10:04:31,1.5182078904203573,10.760001844527995,11.118335893120385,133.2820609999032,379.04351940077015,101.30172566431297,synthetic_example.csv
2025-01-01 10:04:32,2.2600977438959315,10.28160973995804,10.473707964649869,115.24164335116525,366.8403568696222,101.31747429136098,synthetic_example.csv
2025-01-01 10:04:33,1.9190412440468432,10.689460528432724,11.053738146524607,131.39504629770627,370.9274813196394,101.1185649735866,synthetic_example.csv
2025-01-01 10:04:34,1.6183320315412344,10.728977783990382,12.013464871912392,129.68156032991868,377.32339192229676,101.2613487479579,synthetic_example.csv
2025-01-01 10:04:35,1.991252930496989,10.596478156979364,10.847367457955103,124.43109696569614,377.36898591217766,101.26437114580409,synthetic_example.csv
2025-01-01 10:04:36,2.1023589254710164,10.684342205982821,11.239496722067845,127.29298223909693,378.49825575633156,101.22532207918029,synthetic_example.csv
2025-01-01 10:04:37,1.7623021744536922,10.798371469440363,12.497583955719184,136.00894069834627,380.5537198849742,101.32665212369584,synthetic_example.csv
2025-01-01 10:04:38,1.762920083651149,10.771831713840227,11.283921746137345,141.8256212659108,374.2612645456646,101.2573782079092,synthetic_example.csv
2025-01-01 10:04:39,1.7331132943907603,10.76078581149928,10.814019444966029,137.23526269021949,380.108041862362,101.31124582794536,synthetic_example.csv
2025-01-01 10:04:40,1.9350538937196557,10.77004561639688,12.875052202505133,131.56268936747756,379.537231217361,101.19619225987228,synthetic_example.csv
2025-01-01 10:04:41,2.011446010971488,10.639035481380361,12.277563094534873,136.392558814066,377.3248076127634,101.26881837915705,synthetic_example.csv
2025-01-01 10:04:42,2.133055475451763,10.602641584675574,10.00016040368902,129.68024552267238,368.98582962357193,101.30965333098642,synthetic_example.csv
2025-01-01 10:04:43,1.3931368150333174,10.966655543904793,13.100426646883887,132.66754086775396,382.4988391713522,101.27914899315005,synthetic_example.csv
2025-01-01 10:04:44,2.3123789447437217,10.404196516818262,10.261550400977738,124.84309714779782,371.7930930465323,101.10314996104546,synthetic_example.csv
2025-01-01 10:04:45,1.3126925121017554,11.107369821119086,13.342288485695503,127.29168321134661,389.35419591745904,101.15425906532941,synthetic_example.csv
2025-01-01 10:04:46,1.7962057336801207,10.735523400262394,12.094544807438401,133.25783053650645,375.5494191738474,101.14042774185535,synthetic_example.csv
2025-01-01 10:04:47,1.9406464484091228,10.74782561562245,11.281451344645658,135.11499682492638,377.95832986395357,101.1915754054657,synthetic_example.csv
2025-01-01 10:04:48,1.906273233241835,10.754916667013685,11.08865533028587,134.27229847108444,380.09574341322667,101.19828496179588,synthetic_example.csv
2025-01-01 10:04:49,1.5289745296411374,10.994834150713313,11.717672244583857,133.72620825201207,385.58658245175116,101.08461331776671,synthetic_example.csv
2025-01-01 10:04:50,1.809897816467128,10.77646063030999,11.30387413681744,130.3982074577255,383.7460391766966,101.14137149536602,synthetic_example.csv
2025-01-01 10:04:51,1.6262212356776367,10.806446835102298,11.550737323410003,139.18716200999808,384.7724034807556,100.98871448455098,synthetic_example.csv
2025-01-01 10:04:52,1.7873589298033905,10.847714831433326,12.182292738875693,128.8352876709441,381.87549046022093,101.22473970824848,synthetic_example.csv
2025-01-01 10:04:53,1.8480916677578647,10.63664661695182,10.855577566193281,138.1235665462658,373.6680353654465,101.08184678674357,synthetic_example.csv
2025-01-01 10:04:54,1.9722020540188179,10.791044278971698,12.119322447394199,129.40664066223385,379.5263595141159,101.11575559191655,synthetic_example.csv
2025-01-01 10:04:55,1.5648542463287225,10.739387952702902,13.429567793093593,132.04821873524978,387.3071965641472,101.08453164446335,synthetic_example.csv
2025-01-01 10:04:56,1.8543459547138494,10.575222436326682,10.942003038506458,126.08710475417458,382.2263480143177,101.18102782693,synthetic_example.csv
2025-01-01 10:04:57,1.7295229803558623,10.653185649720614,11.86464605404537,132.2377027688654,382.9702016878501,100.89702258081891,synthetic_example.csv
2025-01-01 10:04:58,1.861638168670077,10.749963345939376,11.742667478530985,139.37653880981955,380.46618117210227,101.08957710714706,synthetic_example.csv
2025-01-01 10:04:59,1.89059911783444,10.83620142941158,11.841758163736271,137.24791650619056,381.2037401589287,101.0786799783638,synthetic_example.csv
2025-01-01 10:05:00,1.5499846421752692,10.886796126558066,12.521232498932516,141.66026268159223,384.7577774090044,101.04994154960143,synthetic_example.csv
2025-01-01 10:05:01,1.5028131000639384,10.846740172880624,12.834208851404663,138.92631456296715,384.90176074180533,101.19840747022184,synthetic_example.csv
2025-01-01 10:05:02,1.8657740005286523,10.693768298626129,11.796609140931269,128.4009342656932,384.4176052890961,101.0116058141877,synthetic_example.csv
2025-01-01 10:05:03,2.0480612799320386,10.800318423147042,10.694359303300534,132.7937576995579,378.56191084208126,101.12416832900982,synthetic_example.csv
2025-01-01 10:05:04,1.8551108296625833,10.717804349091123,12.5732690256397,131.27390369122304,387.56389083501386,101.09178483739707,synthetic_example.csv
2025-01-01 10:05:05,1.7566949736813613,10.793907873940213,12.499512289696252,142.53605036025996,382.31695335529236,101.15214288691655,synthetic_example.csv
2025-01-01 10:05:06,1.9865369345023867,10.70219829329655,10.669419887578934,127.04546748719044,382.0702251687547,101.0144112299881,synthetic_example.csv
2025-01-01 10:05:07,1.5510659762466332,10.91213247190687,12.37445436368418,141.037529733798,382.682805476829,101.00737642495697,synthetic_example.csv
2025-01-01 10:05:08,1.8700197949943624,10.73659404541824,12.093144239628836,139.5575687717259,383.3040281234493,101.13327374776907,synthetic_example.csv
2025-01-01 10:05:09,1.5267184520474655,10.901885678486035,11.943439652114533,145.71140281157582,383.0690524238964,101.08448338544501,synthetic_example.csv
2025-01-01 10:05:10,1.5977922943970866,10.608598022763267,12.890031754737802,133.57560411502254,381.5600449890651,100.9450269979812,synthetic_example.csv
2025-01-01 10:05:11,1.7655646684284687,10.70652061840495,12.907903870505727,137.65801908468026,380.62051457638165,101.01418453776876,synthetic_example.csv
2025-01-01 10:05:12,1.9071277567873872,10.636398973354634,10.92661642997685,146.5990488217787,383.77347173925835,101.07804902017989,synthetic_example.csv
2025-01-01 10:05:13,1.9276694705863513,10.544651808775887,10.527057649370592,131.04953683405654,379.30026870343494,101.10901628532493,synthetic_example.csv
2025-01-01 10:05:14,1.92760006143166,10.66888756228592,11.402174987253556,125.29386733008535,375.87967782029745,101.00250217829183,synthetic_example.csv
2025-01-01 10:05:15,1.8304631227268588,10.907076382514708,12.493633002614569,125.358515008198,384.5140991744005,100.8460313141312,synthetic_example.csv
2025-01-01 10:05:16,1.7055933293326768,10.699536718607543,11.406499225546781,138.45091437419694,382.0414413504022,101.08694116435112,synthetic_example.csv
2025-01-01 10:05:17,1.4448180454943236,10.919116971326092,13.263494825674305,125.70959724369911,387.64856377355017,100.96548444971968,synthetic_example.csv
2025-01-01 10:05:18,1.7639878173457237,10.887909983492921,10.84499530112937,133.15455787409266,386.24703241502516,100.9105888650662,synthetic_example.csv
2025-01-01 10:05:19,1.7370170470687984,10.925146259865407,12.588741954111544,138.13346282757033,385.62296051014266,100.85473868106877,synthetic_example.csv
2025-01-01 10:05:20,1.8539724294440263,10.921389120821967,11.507302388715157,136.4888650103322,389.61179991145394,101.11148083811958,synthetic_example.csv
2025-01-01 10:05:21,1.7567248334501027,10.784180250959702,12.832531315433554,137.07849373381478,383.67392116431864,101.06530601528858,synthetic_example.csv
2025-01-01 10:05:22,1.5711937650496173,10.920390898001292,14.065860170189705,137.6545365298655,387.96017035379646,101.04260519685234,synthetic_example.csv
2025-01-01 10:05:23,2.14318342099666,10.404238793081552,10.29846243567273,138.65323967451857,373.51215898357844,101.15802636890751,synthetic_example.csv
2025-01-01 10:05:24,1.398675195721416,10.921144817643492,12.283953447990067,131.380528762411,389.11951077730544,101.10809315731377,synthetic_example.csv
2025-01-01 10:05:25,1.4525321018629387,10.902292895590953,13.520318767527503,133.0120282315465,389.8737933386438,101.17959616319921,synthetic_example.csv
2025-01-01 10:05:26,1.995959686576889,10.826913315985104,11.046061227325454,129.7207490282806,383.7842498184881,100.97222373822949,synthetic_example.csv
2025-01-01 10:05:27,1.6871177441714034,10.687195217362563,11.492952557857054,138.96481747480414,384.048740178032,101.07083808610572,synthetic_example.csv
2025-01-01 10:05:28,1.9526256013770928,10.733348946303758,11.644108617683898,139.62305189881837,380.6829855495661,100.96390512279659,synthetic_example.csv
2025-01-01 10:05:29,1.9435764244505613,10.767278585865911,10.285903594834135,137.19765658311505,384.12782972450935,101.06510908071643,synthetic_example.csv
2025-01-01 10:05:30,1.590784113480145,10.81169092538284,12.018750636541109,142.07596906066757,387.9837281748365,101.06812087686573,synthetic_example.csv
2025-01-01 10:05:31,1.4787873963770004,11.063434391521836,12.111437649756025,130.08342307530808,393.7565034385855,101.13400711719659,synthetic_example.csv
2025-01-01 10:05:32,1.7232259981605855,10.746947988385568,11.618876786177726,144.5876457048229,388.33070748859006,101.09821019886277,synthetic_example.csv
2025-01-01 10:05:33,1.518452266199238,10.913690607040245,13.560694266753819,144.65103514621987,391.1028795506451,101.1437862222137,synthetic_example.csv
2025-01-01 10:05:34,1.8305700768746263,10.61905076109848,10.56004767096573,138.1525058961508,382.87771507189404,101.15475969412194,synthetic_example.csv
2025-01-01 10:05:35,1.552935832426368,10.721172000457429,12.711189351615253,145.49735610448835,388.1914634250562,101.2619726592564,synthetic_example.csv
2025-01-01 10:05:36,1.4534265618498041,10.869517312923502,12.37458206848064,127.42193276301772,393.14314150445205,101.09489640533815,synthetic_example.csv
2025-01-01 10:05:37,1.6954196613921788,10.847247402102726,12.030914620225031,133.15467094739586,384.7258557195745,101.0571587195046,synthetic_example.csv
2025-01-01 10:05:38,1.8077955824892602,10.717939448280518,12.318463416371833,131.1225264596794,384.33319056098895,101.14653550938188,synthetic_example.csv
2025-01-01 10:05:39,1.482657690174852,10.827457808782514,12.654389673780088,140.17628211480195,387.23435771360346,101.07963794087253,synthetic_example.csv
2025-01-01 10:05:40,1.5341729203146852,10.805383007112962,13.013029460506258,130.72938411834372,391.22353183343876,101.24622329523872,synthetic_example.csv
2025-01-01 10:05:41,1.4288076472260207,10.767855103563997,12.5554219336531,139.43027697394893,389.14398719499445,101.12954171802502,synthetic_example.csv
2025-01-01 10:05:42,1.8290262980145975,10.653853395012934,11.628951156911109,142.74586258797243,384.6324811606534,101.11684160823225,synthetic_example.csv
2025-01-01 10:05:43,1.360171096001394,10.935598225615148,11.906263336234488,139.9762368362202,383.21235532598206,101.13068022912526,synthetic_example.csv
2025-01-01 10:05:44,1.5068330229952573,10.876397507355543,11.531861408548732,137.69915365951078,388.07233436618407,101.22136848142685,synthetic_example.csv
2025-01-01 10:05:45,1.5998563553585907,10.65892656052521,11.283105703527962,129.9922730991773,388.6364901774712,101.16760141236826,synthetic_example.csv
2025-01-01 10:05:46,1.1751551719974733,10.97828002863337,15.345178293802318,132.19870123199073,394.53891176037024,101.14143972867332,synthetic_example.csv
2025-01-01 10:05:47,1.4311045520175643,10.937034993785812,13.977596528616537,143.65397280575365,394.1543054131687,101.31078258778469,synthetic_example.csv
2025-01-01 10:05:48,1.4376170277213927,10.92812398413779,11.489261245923926,140.62260399850965,389.62683606060085,101.14225686222807,synthetic_example.csv
2025-01-01 10:05:49,1.64144711218559,10.94144081288507,11.191987557160038,135.6675673501568,385.1489734360768,101.21277867339937,synthetic_example.csv
2025-01-01 10:05:50,1.7333210539897714,10.610885726414077,12.142625061561068,132.92868378492219,387.5035223576183,101.26416037915928,synthetic_example.csv
2025-01-01 10:05:51,2.0900370727809277,10.600090485243063,11.40108462107181,122.14164758056748,379.09613932602946,101.11261496399489,synthetic_example.csv
2025-01-01 10:05:52,1.9399744267984762,10.63955306312962,11.677179331492459,128.11229234206377,388.54127393803094,101.26882555085741,synthetic_example.csv
2025-01-01 10:05:53,1.5983019804335121,10.820982099020295,11.650674189660402,145.5966887423305,388.00312271787266,101.1698278321283,synthetic_example.csv
2025-01-01 10:05:54,1.8928631036407493,10.747104239553657,11.569030502020757,127.93942180463756,384.0669941864075,101.30982701938966,synthetic_example.csv
2025-01-01 10:05:55,1.5433653692688731,10.781899575958251,12.435518142516292,136.97388460919743,387.39445546702,101.19345186887351,synthetic_example.csv
2025-01-01 10:05:56,1.7039225086052676,10.667460348319175,11.54589724147822,139.80915776595415,384.28499078395845,101.31798433326176,synthetic_example.csv
2025-01-01 10:05:57,1.7865422013237278,10.646189178202029,223.80228218301036,127.84842566599764,384.4777183450986,101.35558915158043,synthetic_example.csv
2025-01-01 10:05:58,2.1543938289547944,10.698206480964037,274.2704716171463,134.23311921832615,384.99024428568663,101.34719838691981,synthetic_example.csv
2025-01-01 10:05:59,1.8540527363001424,10.745276269371097,326.51707291484115,140.06469030933238,386.6565683841095,101.31322299609329,synthetic_example.csv
2025-01-01 10:06:00,2.07915499480798,10.702934923827156,378.44221253800544,132.30148564046956,378.63068139965776,101.2881781032783,synthetic_example.csv
2025-01-01 10:06:01,2.338408307363109,10.401118703320677,428.52812429455554,144.1740592617709,380.87572866103744,101.27275279953105,synthetic_example.csv
2025-01-01 10:06:02,2.002776043752746,10.538346272112355,470.19834496125213,124.10297873871914,382.0100435092343,101.42479159141739,synthetic_example.csv
2025-01-01 10:06:03,2.391075287315489,10.39098257965273,502.4099965805386,137.09927565510506,381.3642976631102,101.28154483355593,synthetic_example.csv
2025-01-01 10:06:04,2.3181939446566617,10.31386212019756,523.9073558009446,129.55916713550155,376.34494062771097,101.26656793514225,synthetic_example.csv
2025-01-01 10:06:05,2.107936638734053,10.451532111958167,531.303394112726,136.80187148429206,382.43605608649887,101.39434360072102,synthetic_example.csv
2025-01-01 10:06:06,2.3417739705323575,10.50253078902939,523.6838741590885,133.24043093560564,379.43136294259665,101.300585054365,synthetic_example.csv
2025-01-01 10:06:07,2.24675916579209,10.530721997969458,502.91012644383807,127.25971571633475,374.242544114765,101.29828823941837,synthetic_example.csv
2025-01-01 10:06:08,2.247710693464282,10.335185352178083,470.70845899211326,131.73026795692303,383.19655804656867,101.27213927992402,synthetic_example.csv
2025-01-01 10:06:09,2.089130283548872,10.625378454991273,426.527980570712,122.45575985686813,384.2031734144059,101.34769736269119,synthetic_example.csv
2025-01-01 10:06:10,2.3130051161781435,10.397029947929772,378.1654131597287,133.12420536907777,376.47061893482356,101.38392090011017,synthetic_example.csv
2025-01-01 10:06:11,2.4522744127295617,10.371534803639747,324.96216261059305,129.78959008824222,372.46143447592937,101.41482766986185,synthetic_example.csv
2025-01-01 10:06:12,2.7658252276458244,10.356330094106823,273.28598283124376,127.9640386137589,372.1237694625912,101.47238348354992,synthetic_example.csv
2025-01-01 10:06:13,2.6227571541454013,10.341278201727349,223.04869345693672,131.28090660710438,372.7902313595453,101.45052644857415,synthetic_example.csv
2025-01-01 10:06:14,2.9742575831749276,10.08970723974272,177.8860470722962,123.02127131473256,368.70558837639777,101.40799524343682,synthetic_example.csv
2025-01-01 10:06:15,2.292139087288371,10.375527218925832,139.93328787964626,130.9963022459632,378.4921196022624,101.41504704086958,synthetic_example.csv
2025-01-01 10:06:16,2.6971680685808077,10.057306498987964,107.10331498472235,120.43670212202065,372.7484968209732,101.47203869321821,synthetic_example.csv
2025-01-01 10:06:17,2.3712094488857005,10.237994910295779,80.8206367153125,123.03571075846001,377.14151727027405,101.53264795742156,synthetic_example.csv
2025-01-01 10:06:18,3.1166113171971754,10.025033915586688,58.14386783896262,124.56508067135817,367.2910195863737,101.45947501321263,synthetic_example.csv
2025-01-01 10:06:19,2.4499738456781213,10.303538588812586,44.424985526654744,136.19767857956896,373.6083110641181,101.4246747987571,synthetic_example.csv
2025-01-01 10:06:20,2.5136279095494563,10.372849320824328,32.627860606061354,127.59037208566029,379.70303906642243,101.39470183715171,synthetic_example.csv
2025-01-01 10:06:21,2.2533504386678014,10.317347697501448,24.057808304281625,127.28450757845343,378.25453465278633,101.3695259751814,synthetic_example.csv
2025-01-01 10:06:22,2.492583868266501,10.438032078996741,19.747012946622625,125.69840189818635,386.4482496195444,101.5236085684918,synthetic_example.csv
2025-01-01 10:06:23,2.69536831605585,10.166265641013233,15.237423668146219,130.3568732391868,368.6037891126128,101.52349132544659,synthetic_example.csv
2025-01-01 10:06:24,2.8447668957277994,10.218003283766492,14.446404288812477,127.41956165619743,371.6390540767043,101.52928779491788,synthetic_example.csv
2025-01-01 10:06:25,2.894096240009599,10.092302894010226,11.385086873906827,128.70990714870896,361.3803710095895,101.48547495395314,synthetic_example.csv
2025-01-01 10:06:26,3.170359575974359,9.907707131621445,9.356676342701753,113.14135388082681,366.1162846474568,101.5983377096783,synthetic_example.csv
2025-01-01 10:06:27,3.3803820496800197,9.897399422098074,8.130052121677412,107.3778631866962,356.97669812428876,101.47109097819622,synthetic_example.csv
2025-01-01 10:06:28,3.309458635331424,9.840262411279522,9.095955867136098,112.68295837831965,365.1334520448107,101.57672468401633,synthetic_example.csv
2025-01-01 10:06:29,3.326060969268015,9.982158954236965,10.037709443324914,119.76198384570849,362.46364433348634,101.51176401072134,synthetic_example.csv
2025-01-01 10:06:30,3.120894849828449,10.034344307733495,8.06374094194952,115.62864581024704,360.12004475564373,101.47624960252614,synthetic_example.csv
2025-01-01 10:06:31,3.5087198493753182,9.80248214668484,7.464535709943752,105.19091167251005,357.27870051691923,101.56440206246928,synthetic_example.csv
2025-01-01 10:06:32,3.282311700114474,10.023020853505896,9.818241786659376,119.56161095041088,358.52668266329255,101.55541789852536,synthetic_example.csv
2025-01-01 10:06:33,3.9258875682765817,9.589284810014925,8.132472384093568,102.12732815380237,353.73068315425695,101.5552728718675,synthetic_example.csv
2025-01-01 10:06:34,3.83398801559998,9.549371988014498,7.568503204447893,97.07200563405608,347.70478622108357,101.53923432933526,synthetic_example.csv
2025-01-01 10:06:35,3.6064433264118527,9.766392806445005,8.572402736898098,112.81987313083802,357.233854452263,101.53386705477766,synthetic_example.csv
2025-01-01 10:06:36,3.634363391531387,9.744256781919391,7.18929004069364,116.34959033620777,355.0054742571251,101.70639137600081,synthetic_example.csv
2025-01-01 10:06:37,4.03871937184961,9.481054462309976,7.758518460746424,95.26012856698239,348.28256158965803,101.62449682166154,synthetic_example.csv
2025-01-01 10:06:38,3.855941173878983,9.586275536218642,8.147257376629627,100.64496762776957,356.8042945488642,101.59429508888874,synthetic_example.csv
2025-01-01 10:06:39,4.254375749983681,9.397156610378707,8.113245148040003,93.89846224340785,348.23816076602617,101.55332376316849,synthetic_example.csv
2025-01-01 10:06:40,3.796537018230569,9.662364265198958,7.652987357608995,100.56942812049742,353.16353146862394,101.61749950822411,synthetic_example.csv
2025-01-01 10:06:41,4.057356302082225,9.380943545695398,7.911823661551005,97.7273005521057,350.93686996492613,101.58445705341262,synthetic_example.csv
2025-01-01 10:06:42,4.177084231617808,9.39007506422007,7.224212353827907,84.86808374854154,348.08532569258574,101.55092743467843,synthetic_example.csv
2025-01-01 10:06:43,4.068852609278201,9.402326962147486,7.745781374560628,94.10674967558941,348.0442192642624,101.52843495588186,synthetic_example.csv
2025-01-01 10:06:44,4.318761515170051,9.423182150614373,7.197437697444923,85.96559260831403,343.94960567298233,101.54430655294522,synthetic_example.csv
2025-01-01 10:06:45,4.293508398144068,9.186992697726158,7.207725316701385,89.62354956300088,344.51555876013987,101.3280218744732,synthetic_example.csv
2025-01-01 10:06:46,4.1981490857119645,9.504685362216076,7.135012299429565,90.1392423783115,340.44282118888486,101.56436926893417,synthetic_example.csv
2025-01-01 10:06:47,4.3187366136156875,9.207722073359992,7.749512076140739,84.22143677680222,341.75134074637447,101.51480443998173,synthetic_example.csv
2025-01-01 10:06:48,4.493597112334644,9.295440368659229,7.7630958632130005,79.83663858247247,340.3011318481732,101.65955101109861,synthetic_example.csv
2025-01-01 10:06:49,4.659866931736109,9.181120928936156,7.114614154824598,77.30941133212346,340.932490336076,101.54818147270824,synthetic_example.csv
2025-01-01 10:06:50,4.7508401665521465,9.044010454941326,7.181395359800011,79.82790566974711,337.8409114111736,101.46206166677064,synthetic_example.csv
2025-01-01 10:06:51,4.50389310291808,9.381310856201189,6.641630013164553,74.73942862541784,338.7424205896839,101.53995953496538,synthetic_example.csv
2025-01-01 10:06:52,4.611101409547585,9.150482605993375,7.226229870180769,87.60087132145158,340.0242797668815,101.46808727614997,synthetic_example.csv
2025-01-01 10:06:53,5.028615282552391,9.021443521979991,6.953892537277139,68.7778784279395,333.75835903757314,101.57202405317734,synthetic_example.csv
2025-01-01 10:06:54,4.859115938095091,9.083673003968737,8.355508827538674,67.33144734197825,334.81897191253574,101.5565297762647,synthetic_example.csv
2025-01-01 10:06:55,4.856122685642305,9.019148671819721,6.576196686543945,71.14967564041844,335.7398387455716,101.60020163198993,synthetic_example.csv
2025-01-01 10:06:56,5.311237270944344,8.942532772893104,7.583482325126328,66.03505981857641,328.48765058772557,101.47449567797806,synthetic_example.csv
2025-01-01 10:06:57,4.892654035981038,8.909944914484235,7.456846134481339,64.40214105350269,334.53040463077394,101.52866169042835,synthetic_example.csv
2025-01-01 10:06:58,5.300695557091505,8.827043701932027,6.964037428161891,57.72306756656465,327.58943994394616,101.42687686229279,synthetic_example.csv
2025-01-01 10:06:59,5.187471076181777,8.893825222745312,7.7747924163408815,66.92452244063716,330.837679122192,101.56740853800189,synthetic_example.csv
2025-01-01 10:07:00,5.454382072814627,8.657347142677596,6.882224695459994,54.55848244374692,330.1040553301185,101.55023369124217,synthetic_example.csv
2025-01-01 10:07:01,5.626645728399003,8.730198613067929,6.888340187339157,51.6825108039368,321.0535433870389,101.54396652036205,synthetic_example.csv
2025-01-01 10:07:02,5.21367840701048,8.874282943777096,6.8040673547251,61.38690269037937,324.54900953248136,101.50446530047824,synthetic_example.csv
2025-01-01 10:07:03,5.484730657402417,8.534893872124526,7.313829496705519,51.92932230948426,326.906134244914,101.52822820567614,synthetic_example.csv
2025-01-01 10:07:04,5.456423500648368,8.778253442037167,7.24951282371966,56.49181588114133,323.2424386320919,101.60609661313907,synthetic_example.csv
2025-01-01 10:07:05,5.636612180134297,8.450781941091632,6.3126391369751556,51.96564496065656,321.3395098334862,101.46819828587961,synthetic_example.csv
2025-01-01 10:07:06,5.21823467280734,8.838000711520154,6.116496709635752,59.32845673624773,325.5721966173124,101.49199217926876,synthetic_example.csv
2025-01-01 10:07:07,5.489235109618632,8.674931162315836,6.524800892935444,50.61807601342029,321.5540867466844,101.40016760121495,synthetic_example.csv
2025-01-01 10:07:08,5.898550043875344,8.438378134106575,6.180230183562825,50.52040131532731,324.36278307633387,101.40911233488619,synthetic_example.csv
2025-01-01 10:07:09,5.276044241540236,8.704164163347388,6.726945615603206,57.18410677492056,329.0112250858618,101.4702241311247,synthetic_example.csv
2025-01-01 10:07:10,5.4023150302038205,8.569961812633519,7.306462821492836,50.84270693391251,326.71949955084943,101.53393954332063,synthetic_example.csv
2025-01-01 10:07:11,5.205547448024315,8.686234456324417,6.499027834675343,56.53755690272752,322.4497785592707,101.43182012935752,synthetic_example.csv
2025-01-01 10:07:12,5.676159744733799,8.500478414134127,6.558434829700864,51.10764957317093,317.5412022805385,101.42615825493779,synthetic_example.csv
2025-01-01 10:07:13,5.801426609507603,8.479293054161246,6.5318479337450865,40.732822222597086,309.93775354425776,101.40692876164785,synthetic_example.csv
2025-01-01 10:07:14,6.258079588178506,8.432279826294852,6.869914926624383,38.23872616333112,312.21149242476383,101.39055064228351,synthetic_example.csv
2025-01-01 10:07:15,6.037642811383547,8.526940551110968,5.378296650647908,43.09337403134067,319.40842456050086,101.44104812931414,synthetic_example.csv
2025-01-01 10:07:16,6.136160169959542,8.220416240151534,6.1059430665604975,36.324267897532415,313.6020737387087,101.30786151313653,synthetic_example.csv
2025-01-01 10:07:17,6.046236860371777,8.463166999243139,6.652208760249474,43.38950393753671,318.52682360553894,101.49446708699716,synthetic_example.csv
2025-01-01 10:07:18,5.920196524593668,8.344656120481442,7.146194533623764,47.1645452530998,319.0225530302429,101.35022548444937,synthetic_example.csv
2025-01-01 10:07:19,6.074948661714532,8.255413605369036,6.195168847842742,42.07396185005644,312.35238080426694,101.43922374768387,synthetic_example.csv
2025-01-01 10:07:20,5.9201157843117915,8.362085551905926,5.482185034505371,37.43480481074805,313.4982217772274,101.29156770380273,synthetic_example.csv
2025-01-01 10:07:21,6.356076267671886,8.438207930069227,6.74443868862888,36.696357616794884,315.6748710618439,101.41896520642659,synthetic_example.csv
2025-01-01 10:07:22,5.711188493784816,8.364870546630321,6.217289870305334,41.69949264977415,314.6055147859723,101.41077316758228,synthetic_example.csv
2025-01-01 10:07:23,5.985566920948326,8.248645287506672,5.8321205628604424,37.95952876772712,314.13100289540955,101.38214396791804,synthetic_example.csv
2025-01-01 10:07:24,6.0950198635012836,8.38183164019787,6.168941712514412,42.895595335970974,318.4980605645599,101.27708510344254,synthetic_example.csv
2025-01-01 10:07:25,6.530429333147309,8.242283637779424,6.291920069201889,35.3809215890788,309.96776769089274,101.35555170120114,synthetic_example.csv
2025-01-01 10:07:26,6.397953345655856,8.170146056702322,6.089964329397554,35.26614788086222,313.24633432091395,101.24661109514877,synthetic_example.csv
2025-01-01 10:07:27,6.1477802742285785,8.362770351074978,5.343761560640829,37.93890690852021,321.5093526819853,101.30303735072955,synthetic_example.csv
2025-01-01 10:07:28,6.226220869738282,8.248839949814146,6.870066340506947,35.588481327304414,312.89747267060653,101.38407011860056,synthetic_example.csv
2025-01-01 10:07:29,6.190285403721186,8.320116946624124,7.07939528188417,39.843085071336645,315.24431152849604,101.35904608484704,synthetic_example.csv
2025-01-01 10:07:30,6.335501106929981,8.278571165199958,6.718072556016381,36.55692461026596,309.70172450583243,101.29560150077737,synthetic_example.csv
2025-01-01 10:07:31,6.442042721850406,8.149172514427098,5.778616908553013,30.231069166507627,309.28722024079,101.2175706516109,synthetic_example.csv
2025-01-01 10:07:32,6.1707493333312335,8.25542070309102,6.322871030074133,39.727154366050016,314.4748502956444,101.32228400887979,synthetic_example.csv
2025-01-01 10:07:33,6.375014314070314,8.158130147647514,6.353316244501009,33.60167607352699,309.9236479065395,101.26976329925743,synthetic_example.csv
2025-01-01 10:07:34,6.177961406112147,8.231291223084563,6.693621584232084,37.37781856905998,309.15907134568164,101.09733686314296,synthetic_example.csv
2025-01-01 10:07:35,6.20330328894766,8.221042657287384,6.7351847159870015,33.92612119916103,312.6246671508347,101.30594454923427,synthetic_example.csv
2025-01-01 10:07:36,6.171258881989979,8.168943329757065,6.001136781685248,31.802955135324588,313.84849868452136,101.24092533846442,synthetic_example.csv
2025-01-01 10:07:37,6.216695818524769,8.381239791529524,6.443520151556391,35.737271497469955,313.34014022123597,101.3183245009051,synthetic_example.csv
2025-01-01 10:07:38,6.208704115514616,8.252951487393615,6.606529348133138,34.98577849389958,313.2047150605665,101.14909570175848,synthetic_example.csv
2025-01-01 10:07:39,6.122183557531246,8.226350537276995,7.128561370179906,38.40071757766483,311.54365136160794,100.99509779177141,synthetic_example.csv
2025-01-01 10:07:40,6.691537551173927,8.059373416452305,6.633853258603069,28.436522462915512,306.2204147846715,101.22880618294296,synthetic_example.csv
2025-01-01 10:07:41,6.5691685438935465,8.11298963305394,6.737578967980792,31.610925633133107,309.368956820673,101.22159387220366,synthetic_example.csv
2025-01-01 10:07:42,6.4354050036194685,8.2818105165238,6.409262886274299,32.20277433358795,307.8322912260837,101.07487222953466,synthetic_example.csv
2025-01-01 10:07:43,6.324364556149555,8.14052561381787,7.034453802120572,32.49200060631202,308.579100762912,101.11688956188607,synthetic_example.csv
2025-01-01 10:07:44,6.351988971923569,8.119388410220639,6.542235713517118,30.312364541332315,305.8535710113881,101.37055508874415,synthetic_example.csv
2025-01-01 10:07:45,6.543859286219458,8.164443353848917,5.907125797879691,33.60590575924124,306.7821093613035,101.1487518511167,synthetic_example.csv
2025-01-01 10:07:46,6.47678649812288,7.932982117255159,7.006932384783351,28.972401829335425,306.6304815127445,101.21392511902823,synthetic_example.csv
2025-01-01 10:07:47,6.584710046401226,7.950556550625947,6.6463100330261815,30.585736825827368,306.3411814041256,101.10999287297778,synthetic_example.csv
2025-01-01 10:07:48,6.503137296908893,8.03403383201395,6.1165931722214255,32.43905805713346,305.4520372792003,101.00217542145619,synthetic_example.csv
2025-01-01 10:07:49,6.3584488997668585,8.136988163299286,6.096441766087278,31.27637291046289,310.94379975262797,101.12972120785832,synthetic_example.csv
2025-01-01 10:07:50,6.519456431742467,8.234189925639514,6.470311585066391,29.83737924664816,308.79944785054687,101.11638310181277,synthetic_example.csv
2025-01-01 10:07:51,6.11212133984686,8.421240794745007,6.62822511685418,35.07274575249291,310.2757764811871,101.10052169685461,synthetic_example.csv
2025-01-01 10:07:52,6.307197010697164,8.225730647676494,6.4591754104406816,33.684522839301955,306.05093195670156,101.11423557940107,synthetic_example.csv
2025-01-01 10:07:53,6.795478429787582,7.993432046183202,6.417010760406023,26.318616855110925,302.5220665482003,101.13472363222168,synthetic_example.csv
2025-01-01 10:07:54,6.652459768821246,7.782319583722046,7.1009832931151005,24.906027651837842,300.9217510147495,101.09990560683053,synthetic_example.csv
2025-01-01 10:07:55,6.620846026661685,8.014253212930296,6.840581677097302,29.081374452992634,306.4983017194133,101.01635392635224,synthetic_example.csv
2025-01-01 10:07:56,6.696116412744517,7.926889302789807,6.371271962865847,27.34602295394148,303.1659766923885,101.133526299289,synthetic_example.csv
2025-01-01 10:07:57,6.731036132385536,7.952698417601233,6.751736047923787,25.26737172539676,299.4598805520809,100.95794131314918,synthetic_example.csv
2025-01-01 10:07:58,7.063557622752174,7.7847923092104985,5.690080223001878,22.851240750335265,297.02116629167494,100.94602747853058,synthetic_example.csv
2025-01-01 10:07:59,6.941611757782641,7.892302558561922,6.45135521647512,24.605632005406058,301.4346046338109,101.1367074111796,synthetic_example.csv
2025-01-01 10:08:00,6.653665237934879,7.863376627971013,7.193857719266752,26.88669358601384,306.7041560780808,101.1161311880933,synthetic_example.csv
2025-01-01 10:08:01,6.422665437485793,8.17961869399746,6.2243998701095595,29.148380186896087,306.4943106256523,101.07256508648688,synthetic_example.csv
2025-01-01 10:08:02,6.32228819397927,8.120864513108588,5.953333906253867,31.78874856656445,315.1973879605893,100.97511731680777,synthetic_example.csv
2025-01-01 10:08:03,6.5439472436333626,8.125511403671364,6.001018527416979,29.148088971629164,303.05280000882675,101.01973847660607,synthetic_example.csv
2025-01-01 10:08:04,6.2968243805306665,8.38273351416887,5.8377228485143835,33.62858275835492,314.6162496277157,101.0476753646255,synthetic_example.csv
2025-01-01 10:08:05,6.134411971261582,8.233527412766923,6.041083014074175,40.96872759443658,313.6400707574049,100.95141625749116,synthetic_example.csv
2025-01-01 10:08:06,6.100140253125407,8.082316281929963,6.235115804746752,36.35616265263005,315.65245196899394,101.00874742181763,synthetic_example.csv
2025-01-01 10:08:07,5.972734428028761,8.335219235120993,161.98452167938913,40.31062422023412,316.0283068987519,101.10378577527865,synthetic_example.csv
2025-01-01 10:08:08,6.217144337224193,8.26831020849127,198.77870995723345,33.84407528240794,313.0627982803166,101.15597276133337,synthetic_example.csv
2025-01-01 10:08:09,6.35245928339306,8.437405857736177,237.35084859795433,37.17839332852243,312.43334497147004,101.02493771619832,synthetic_example.csv
2025-01-01 10:08:10,5.85658179651709,8.292169351984892,274.5578595029207,41.22572722979696,314.1303224239976,101.10578927977406,synthetic_example.csv
2025-01-01 10:08:11,6.053547721328906,8.351012197234487,311.4758168989275,36.338898061508374,317.93404204016497,100.91768980662158,synthetic_example.csv
2025-01-01 10:08:12,5.778101411573201,8.42650736417068,342.13927037104156,47.0389704883053,318.9168144030121,101.09697790407326,synthetic_example.csv
2025-01-01 10:08:13,5.72651770183167,8.574204320621265,366.604483448485,53.39812529492896,323.5057454537421,100.9939866707157,synthetic_example.csv
2025-01-01 10:08:14,5.887146512760601,8.638017461611456,380.9390626696319,39.97510326469773,321.128676678455,101.0715291083213,synthetic_example.csv
2025-01-01 10:08:15,5.823476660050916,8.427986028681584,387.0247430743969,46.241576455599265,319.30404815805025,101.03272951730133,synthetic_example.csv
2025-01-01 10:08:16,5.315336736637187,8.745068465189293,380.96000115573867,55.948849621190504,328.92529398209945,101.14286378473999,synthetic_example.csv
2025-01-01 10:08:17,5.46512822751404,8.73171378588303,366.62915095556565,52.969523314682824,325.0137732163522,100.98989182917575,synthetic_example.csv
2025-01-01 10:08:18,5.168897469940286,8.884399594396985,342.2520433338,61.41127992437803,329.4018403725565,101.09600637338625,synthetic_example.csv
2025-01-01 10:08:19,5.306488246389842,8.895017162175911,311.4676669377527,62.85117737471064,332.7255884988888,101.03378291856708,synthetic_example.csv
2025-01-01 10:08:20,5.2607960988598945,8.751161859824425,274.68743553374475,61.575515958502784,323.77113777908744,101.04384290930754,synthetic_example.csv
2025-01-01 10:08:21,5.485979903105055,8.653039618326082,236.74466172845396,57.21511230220317,324.25972238052134,101.04392979007054,synthetic_example.csv
2025-01-01 10:08:22,4.908303093804824,9.04672428356891,199.777805738707,72.47954802640282,340.25499670020827,100.99977484206717,synthetic_example.csv
2025-01-01 10:08:23,5.126682527697179,8.863449785089214,162.66339322382072,67.59498383247083,334.9065570258667,101.06045190142746,synthetic_example.csv
2025-01-01 10:08:24,4.7851819625206575,9.097944841546294,130.70013588567542,76.29919262143333,337.4533899968478,101.05981178215482,synthetic_example.csv
2025-01-01 10:08:25,4.7345615689446285,9.050028529440745,101.2113157408122,73.01676624580271,339.20304295856226,101.08413039280538,synthetic_example.csv
2025-01-01 10:08:26,4.649548724989589,9.166958724784402,78.4247233218821,75.1457034874377,339.6480322509993,101.07648972045894,synthetic_example.csv
2025-01-01 10:08:27,4.497932889598582,9.208491290288604,58.134588477192516,81.78276812955728,346.0854642089274,101.13004506136379,synthetic_example.csv
2025-01-01 10:08:28,4.680568672788853,9.260945564639702,43.882805711402376,82.19273269867827,340.95714123424864,101.14271801463855,synthetic_example.csv
2025-01-01 10:08:29,4.564635914690108,9.301161876190793,32.75833586276551,86.86760619169802,346.2210929540381,101.00868688475212,synthetic_example.csv
2025-01-01 10:08:30,4.393872322247184,9.104191727092154,23.72380950661884,78.08940739221791,346.6740278673869,101.14746875511518,synthetic_example.csv
2025-01-01 10:08:31,4.168005831880157,9.427789937275275,18.649473839877874,84.6763013982938,344.380952875214,101.00829594483562,synthetic_example.csv
2025-01-01 10:08:32,4.172802729271528,9.323291158402368,14.613729458406057,90.6926648568271,352.3647771641374,101.13742914981684,synthetic_example.csv
2025-01-01 10:08:33,4.2259482855348045,9.462807992587749,11.789345426078494,96.53101179386613,348.34280400033794,101.14484958867813,synthetic_example.csv
2025-01-01 10:08:34,3.856250529929946,9.484975596559241,9.89201855410027,105.37030156597557,356.7913897808715,100.97310688147356,synthetic_example.csv
2025-01-01 10:08:35,4.253836923555687,9.556937025597755,8.198091903066809,88.32150723286908,349.14289939835146,101.11907471984144,synthetic_example.csv
2025-01-01 10:08:36,4.118785916299389,9.353731071425898,8.861663431742047,99.24662175292784,351.87514776037904,101.08566754818084,synthetic_example.csv
2025-01-01 10:08:37,3.520336002399733,9.985281456797516,7.515319494395029,113.24464712717358,354.233192377842,101.07146660294181,synthetic_example.csv
2025-01-01 10:08:38,3.7436033576045356,9.756729227132215,8.206729284371997,113.60364374034398,355.91670774788923,101.2254720459186,synthetic_example.csv
2025-01-01 10:08:39,3.8784625303482505,9.67394858786018,7.992327624993001,101.74081599238332,353.96241253560675,101.09169363529134,synthetic_example.csv
2025-01-01 10:08:40,3.1018608153228238,9.973401500027826,9.275223358450917,118.93147835311113,364.94241219137785,101.08774217437347,synthetic_example.csv
2025-01-01 10:08:41,3.461362979362881,9.809605242116955,8.267945936801754,111.60730654688795,360.25681710862807,101.15641495008589,synthetic_example.csv
2025-01-01 10:08:42,3.082545375245924,10.018957743213686,8.73448320137202,117.53136852689327,368.85271195821525,101.20621722811619,synthetic_example.csv
2025-01-01 10:08:43,3.187056213459388,9.946305063288767,9.07096766441313,113.0479806953433,364.4493214240746,101.1555933970483,synthetic_example.csv
2025-01-01 10:08:44,2.84823510067158,10.148839567764687,9.465501311503512,123.12816398522573,371.13368799031014,101.25460190133371,synthetic_example.csv
2025-01-01 10:08:45,2.46260882148614,10.294887299350796,10.060912344117318,113.63091316400285,373.23155906795284,101.21772663893945,synthetic_example.csv
2025-01-01 10:08:46,2.5179245301146347,10.311311800914643,10.293586877302145,130.93252580826962,374.97505631082987,101.03583185597499,synthetic_example.csv
2025-01-01 10:08:47,2.6901257678363204,10.173875817830774,8.655610899431508,124.19103430265572,377.37405628337325,101.15912872656244,synthetic_example.csv
2025-01-01 10:08:48,2.728693764374094,10.204914585133041,10.084568318121091,123.47171279246074,372.09984928323513,101.16487405949285,synthetic_example.csv
2025-01-01 10:08:49,2.1866518885145028,10.514043359587406,10.746293221571621,140.34093970907034,384.26605124328637,101.24588690435611,synthetic_example.csv
2025-01-01 10:08:50,2.7065264760106698,10.28580001112335,9.1136089343764,121.71021882126033,373.88569143979754,101.03683018251826,synthetic_example.csv
2025-01-01 10:08:51,2.2398043947762405,10.29190394392307,10.615797264363595,129.68432345100524,383.29774991700856,101.40733084069626,synthetic_example.csv
2025-01-01 10:08:52,2.302202049287449,10.386800306081884,10.013786939841967,137.80404833526293,380.1090033558613,101.27449163765226,synthetic_example.csv
2025-01-01 10:08:53,2.275353671657468,10.497185145012027,10.505555828266562,126.58016556863954,385.1003867341795,101.25623741591201,synthetic_example.csv
2025-01-01 10:08:54,2.475611692723718,10.415921396805333,10.550123304080003,126.73829307930805,379.6974625685697,101.33708820696302,synthetic_example.csv
2025-01-01 10:08:55,2.376034437899427,10.30580379246827,10.909425194485348,126.9488877713229,376.55735087113385,101.4270524152004,synthetic_example.csv
2025-01-01 10:08:56,2.453638061793892,10.544477828977834,11.165685779522422,134.7717099199131,380.9752728304671,101.33261226969802,synthetic_example.csv
2025-01-01 10:08:57,2.4241448361835003,10.476796669475496,9.471703780968365,130.2964651438137,380.33622949056314,101.34677491842342,synthetic_example.csv
2025-01-01 10:08:58,2.6049118509877984,10.175382140358526,10.064098883011566,118.5901234069182,376.7324929678561,101.2982282978321,synthetic_example.csv
2025-01-01 10:08:59,2.314001557912691,10.468566823140515,11.244008838969336,127.22749242671996,380.57788550158153,101.28790852920561,synthetic_example.csv
2025-01-01 10:09:00,2.6752295398555836,10.190773778446793,10.035223749105196,122.86311804534068,377.01700639695053,101.27324765577238,synthetic_example.csv
2025-01-01 10:09:01,2.1828815338153866,10.406246308737765,11.433336342622244,131.207873564825,387.124135220048,101.25745549589021,synthetic_example.csv
2025-01-01 10:09:02,2.587509848296773,10.266281011652296,11.178078717484276,129.35085799607748,377.89457014832635,101.27590367457292,synthetic_example.csv
2025-01-01 10:09:03,2.6283928578743847,10.281037805930595,10.209522778215938,126.41572733212153,374.54053945069563,101.23813775512431,synthetic_example.csv
2025-01-01 10:09:04,1.8520868127698058,10.782882695278085,11.72161327362284,125.00571654734496,385.0084575360953,101.33600775985767,synthetic_example.csv
2025-01-01 10:09:05,2.0685274219784326,10.538322997173298,11.321242973167431,136.8314767341549,375.8842167684688,101.23198363911851,synthetic_example.csv
2025-01-01 10:09:06,2.4937010284270342,10.390521369813285,10.11818326252301,128.88000848891642,378.4226615693232,101.3718051569893,synthetic_example.csv
2025-01-01 10:09:07,2.2325120875225113,10.475439704044474,10.421481741838479,137.15179256347128,380.31425321280267,101.36435708898026,synthetic_example.csv
2025-01-01 10:09:08,2.3665444376412945,10.317355073244936,9.947367654917498,130.75496550541448,377.27608273997384,101.3855631991878,synthetic_example.csv
2025-01-01 10:09:09,2.336690612977863,10.530052076546554,11.644797298356856,136.9916968699633,383.03519646250015,101.34701404557282,synthetic_example.csv
2025-01-01 10:09:10,2.4666782693680753,10.47882378426439,9.825601608921003,131.94899494159563,379.82553095865626,101.60712691624141,synthetic_example.csv
2025-01-01 10:09:11,2.3546252113180124,10.510796823363377,11.43184515630812,137.31787548542542,383.88563728247266,101.4950261478721,synthetic_example.csv
2025-01-01 10:09:12,2.4659551856974335,10.388317929735564,10.189317956117682,129.2269263231206,376.4963273066054,101.32064945300033,synthetic_example.csv
2025-01-01 10:09:13,2.333626623893741,10.467142362167348,9.450575970554807,128.92874139290322,377.9915856817488,101.43188592382148,synthetic_example.csv
2025-01-01 10:09:14,2.495230581151047,10.433759640991736,10.525763661668776,141.08284090116538,382.19158253725254,101.38070124273047,synthetic_example.csv
2025-01-01 10:09:15,2.210655141464399,10.590382832431052,9.337109973401937,136.0626826243348,382.1926110428415,101.3597740135579,synthetic_example.csv
2025-01-01 10:09:16,2.401373611300554,10.517756819871982,11.147338704784097,134.69723901350005,384.5151585555167,101.34434868310016,synthetic_example.csv
2025-01-01 10:09:17,2.211327609555981,10.44790108001429,11.308681537114909,124.92776230904806,381.96622894347445,101.47560624256566,synthetic_example.csv
2025-01-01 10:09:18,2.3668536791259753,10.407275548366961,9.98593372495458,122.97250606830919,378.55551915171293,101.40467422310965,synthetic_example.csv
2025-01-01 10:09:19,2.1239761132712367,10.468416420378356,10.857020869994233,133.36902056897895,383.6689713968747,101.52695226950978,synthetic_example.csv
2025-01-01 10:09:20,2.318374956152939,10.390121116558984,11.66955475313257,130.9257815155627,380.9450835566207,101.5354083051482,synthetic_example.csv
2025-01-01 10:09:21,2.670677410070821,10.219778592876663,9.38860740280926,121.82205181831176,375.6303364881515,101.56845404220175,synthetic_example.csv
2025-01-01 10:09:22,2.4856864882315826,10.31937040623112,9.564513094650454,129.53001305638205,378.38134140908204,101.41883896582863,synthetic_example.csv
2025-01-01 10:09:23,2.233013170448567,10.513173286675945,11.77882785230317,140.39181755631188,379.1816623867802,101.51778954899054,synthetic_example.csv
2025-01-01 10:09:24,2.390075354617044,10.201219694478445,11.293288491099656,131.65159213525038,377.0632123658298,101.53456824067268,synthetic_example.csv
2025-01-01 10:09:25,1.9661821698539244,10.576123693358639,10.907327498554666,126.33682109139137,386.4102520709903,101.46265397031247,synthetic_example.csv
2025-01-01 10:09:26,1.5264085731262351,10.776629484206989,12.59652054174493,134.74666238882824,390.27589551486807,101.44713312977409,synthetic_example.csv
2025-01-01 10:09:27,1.992734544242158,10.581609347691854,12.189117312384848,129.4614914498487,386.48456730968076,101.61888857646936,synthetic_example.csv
2025-01-01 10:09:28,1.6195087098212901,10.818202162039794,11.296351056090854,133.13934554499505,393.15815481174036,101.52695985503871,synthetic_example.csv
2025-01-01 10:09:29,1.8586428693577168,10.6482409695295,10.64485854400806,130.42614227805535,383.0912602884158,101.56010807072172,synthetic_example.csv
2025-01-01 10:09:30,2.1876352626291915,10.40281745076433,11.587996352898744,129.36809817112822,379.7481587435331,101.46233679710308,synthetic_example.csv
2025-01-01 10:09:31,2.75793322571935,10.269367434154947,11.036766589581331,121.13464831699247,377.08899773311543,101.4385553569201,synthetic_example.csv
2025-01-01 10:09:32,2.199419997282751,10.441259738929087,11.035811804898305,130.68161183864402,381.53193472443417,101.4877933836612,synthetic_example.csv
2025-01-01 10:09:33,2.150550225322537,10.502082653237311,10.401409616849406,129.71249056349242,382.5926282250012,101.52244483468783,synthetic_example.csv
2025-01-01 10:09:34,2.302836706432392,10.516285039829533,11.715185561829728,115.02309016281426,380.7033704311859,101.45982001967204,synthetic_example.csv
2025-01-01 10:09:35,1.5702766348153248,10.83357641068374,11.841016982741461,147.1671551778747,394.4741541130681,101.53652910007536,synthetic_example.csv
2025-01-01 10:09:36,2.234824786961779,10.513534943223865,10.587171254182357,137.69381390280074,383.7024444902422,101.42163587175693,synthetic_example.csv
2025-01-01 10:09:37,2.2257555194382004,10.311892254047681,10.77078180871918,128.78128495370643,382.5969403524107,101.46374790290236,synthetic_example.csv
2025-01-01 10:09:38,1.7535862389303931,10.817971014259726,12.934252266954289,135.3558776162349,395.3121806472793,101.5911391523062,synthetic_example.csv
2025-01-01 10:09:39,2.3528081130561445,10.336269864178684,10.944862758756395,123.89018386723092,379.85956451516574,101.58816652572625,synthetic_example.csv
2025-01-01 10:09:40,2.0639019547699204,10.546309813553812,11.102028548965793,141.02828806795975,384.64186000579394,101.51989521353464,synthetic_example.csv
2025-01-01 10:09:41,2.0480907619369253,10.665283288047561,11.577151553596558,143.86038593263245,385.7587690496976,101.477206315245,synthetic_example.csv
2025-01-01 10:09:42,2.1625863333382354,10.622786150762881,10.748059895685456,132.388675934389,380.9984224284479,101.47735125771466,synthetic_example.csv
2025-01-01 10:09:43,2.459528346782984,10.210892303023803,10.304888788211455,132.36969957227478,375.61672876210844,101.52365587677417,synthetic_example.csv
2025-01-01 10:09:44,2.1139810569124555,10.339273189234323,9.327166432579373,133.67781086380444,383.9555650817656,101.59511092492636,synthetic_example.csv
2025-01-01 10:09:45,1.9771665751051937,10.59180843728422,10.78494364133067,125.59047876772011,385.9408618813505,101.6148763777429,synthetic_example.csv
2025-01-01 10:09:46,1.8979144619039288,10.81718441140152,11.562320794727512,131.9230133703923,393.8309169856169,101.51474119563535,synthetic_example.csv
2025-01-01 10:09:47,1.7941595650976576,10.828139053685478,10.847317688833243,135.54561531756315,387.86367403331457,101.46804836362918,synthetic_example.csv
2025-01-01 10:09:48,2.283154433235783,10.533788581123595,10.981294753560302,129.22876028776142,382.1845210804021,101.56653234502416,synthetic_example.csv
2025-01-01 10:09:49,1.824104962981864,10.69999207475123,11.55642375252588,133.77191273693592,389.81367181772936,101.4888235733476,synthetic_example.csv
2025-01-01 10:09:50,1.9823528130432746,10.687568535069072,12.353558213843073,132.9274541958341,387.4391516366896,101.50857994472914,synthetic_example.csv
2025-01-01 10:09:51,1.9307720573562555,10.621014527127356,12.600230411152298,134.0336113227759,389.41205034258473,101.63571441231866,synthetic_example.csv
2025-01-01 10:09:52,2.2014839321583253,10.617751104504672,10.683876018361236,133.00475275528873,388.34988698985114,101.59863380753197,synthetic_example.csv
2025-01-01 10:09:53,2.0770073030216554,10.643117475414632,10.98851266295358,127.45398663070628,379.77563193988505,101.54929045519486,synthetic_example.csv
2025-01-01 10:09:54,2.1750711173740647,10.60212816314118,10.686092521206959,127.85226615640096,377.2845247895224,101.44640339191183,synthetic_example.csv
2025-01-01 10:09:55,1.6781205887940234,10.941844892173977,11.300447794334483,127.81708717301014,388.19611887817297,101.54715330739499,synthetic_example.csv
2025-01-01 10:09:56,1.7513149433578308,10.725358046139933,11.625609086149336,139.66292225625938,391.36073193372124,101.60337550634564,synthetic_example.csv
2025-01-01 10:09:57,1.652180288689981,10.751082075963314,11.40549675336781,124.088133512856,387.6673315927669,101.4990493227714,synthetic_example.csv
2025-01-01 10:09:58,1.7406122333415723,10.723350590666554,10.84591021086012,141.01142926994527,382.055643064758,101.61600053835345,synthetic_example.csv
2025-01-01 10:09:59,1.966874989680378,10.481072313525054,11.592146696251522,140.80722184188434,387.88977742704265,101.6077230748812,synthetic_example.csv
2025-01-01 10:10:00,2.0712273445724922,10.522334049681461,11.398642401032404,131.0945694870931,385.7173632493691,101.62923515639736,synthetic_example.csv
2025-01-01 10:10:01,1.718742855580273,10.768514213969162,11.416072879458227,121.47185852182977,389.152288154587,101.52942387684718,synthetic_example.csv
2025-01-01 10:10:02,2.07004590528617,10.529540770030815,11.545311514800218,130.6742767888969,382.4537028036133,101.54420308606286,synthetic_example.csv
2025-01-01 10:10:03,2.2293220030922614,10.525792506617687,10.312559153001034,131.22010978081084,380.73773841619027,101.59685946907761,synthetic_example.csv
2025-01-01 10:10:04,1.9646635757326387,10.572087466709219,11.411943765807106,128.23472089773333,387.21409227869486,101.5237228856606,synthetic_example.csv
2025-01-01 10:10:05,2.0868870213355075,10.545319055473103,11.00565019654482,127.7219463230886,379.83815212730286,101.45162280501037,synthetic_example.csv
2025-01-01 10:10:06,1.5713621185068114,10.801540369916685,11.972038994813593,143.89207831766853,393.1332897557081,101.44938696696464,synthetic_example.csv
2025-01-01 10:10:07,1.5308808942738836,10.867822249491121,12.66510195147629,139.76600669264354,386.78997426371484,101.49133871357483,synthetic_example.csv
2025-01-01 10:10:08,1.287443204793923,10.918802288266887,12.330786591235714,131.55197665096645,394.09466216622855,101.37794210458101,synthetic_example.csv
2025-01-01 10:10:09,2.2330224522275306,10.530288790769468,10.609434547145684,123.22574681164643,380.49064436960555,101.45168922173481,synthetic_example.csv
2025-01-01 10:10:10,2.1273155271226125,10.694936793134342,11.063759357139885,131.75808646575408,386.03925339811127,101.53171400971866,synthetic_example.csv
2025-01-01 10:10:11,1.9242337085942378,10.655582503882156,11.112049840605986,133.63559340031063,388.2474526935619,101.29461699237113,synthetic_example.csv
2025-01-01 10:10:12,1.8534203775697304,10.63185268037449,11.326911523522753,136.94873373390334,390.3640223447136,101.5482867366984,synthetic_example.csv
2025-01-01 10:10:13,1.6835363457092758,10.850316192372729,11.210998025028882,133.2716757377001,389.4744835786479,101.512135302762,synthetic_example.csv
2025-01-01 10:10:14,2.3708465020687,10.307997047331478,10.031715069723585,132.20172825444115,380.3208375988496,101.39391851590743,synthetic_example.csv
2025-01-01 10:10:15,1.787629160099049,10.648808808555117,11.386241506396168,145.08328111963723,390.6759334963673,101.45651826500574,synthetic_example.csv
2025-01-01 10:10:16,1.7494855947979215,10.682124335768862,11.432817008440441,139.12529321485908,394.1016627788104,101.41093536347239,synthetic_example.csv
2025-01-01 10:10:17,1.9187342517817771,10.7129913660945,11.100598297712697,133.4547547185537,385.9186212646506,101.48891319927715,synthetic_example.csv
2025-01-01 10:10:18,1.8476771940754064,10.698953714400023,11.37652752471448,133.213804385238,388.9945635352247,101.4635749328671,synthetic_example.csv
2025-01-01 10:10:19,1.837840241599868,10.73013782460637,11.918908189616118,132.74219930328957,384.7877751979483,101.28863959671665,synthetic_example.csv
2025-01-01 10:10:20,1.5945751855791597,10.918074904598999,12.877268175793953,142.42920507293482,387.41414724149377,101.41950449390109,synthetic_example.csv
2025-01-01 10:10:21,1.9918611256596133,10.608265400180864,10.725070909946432,130.01200586612265,388.5214330038641,101.35565797337817,synthetic_example.csv
2025-01-01 10:10:22,2.463999590406889,10.410967582594486,9.465704436661234,128.96574363584745,379.11431469493505,101.36742041621946,synthetic_example.csv
2025-01-01 10:10:23,2.5293845668298496,10.37705133327762,9.58366716124074,129.12668291471596,382.2463524645765,101.30214503032295,synthetic_example.csv
2025-01-01 10:10:24,2.667028133191313,10.316173369133145,9.609303738722264,124.08673794740763,373.11272576177834,101.46691669025661,synthetic_example.csv
2025-01-01 10:10:25,2.067279543334164,10.447375879225334,10.415486018072578,123.98049488828235,383.9119693502216,101.40872703000507,synthetic_example.csv
2025-01-01 10:10:26,1.963598499093424,10.297091605438975,10.141752664784,132.84137314109003,387.2313445016587,101.2754704402335,synthetic_example.csv
2025-01-01 10:10:27,2.6131247629419474,10.31346459232599,9.223646250164487,127.07142842522352,378.4937177398196,101.22513010059292,synthetic_example.csv
2025-01-01 10:10:28,2.5290515434003633,10.356436464145391,9.454043640464198,127.71344556978673,375.6469368498542,101.28283151357883,synthetic_example.csv
2025-01-01 10:10:29,2.9663751588884635,10.136204167368062,9.252223853748466,117.05838503963811,369.45500045912905,101.33150752968302,synthetic_example.csv
2025-01-01 10:10:30,2.3842408666261794,10.411740737894629,10.396483341842938,133.87383711329156,373.83664660632104,101.30916916568461,synthetic_example.csv
2025-01-01 10:10:31,3.0990134894100096,9.998785176086932,8.411866920341431,109.71201207476143,367.8466377160297,101.37134580697042,synthetic_example.csv
2025-01-01 10:10:32,3.091074669733281,10.042341048904,8.849475508318793,126.81649107479495,367.08796171225595,101.33021264651667,synthetic_example.csv
2025-01-01 10:10:33,3.1594927231245293,10.024972907351245,8.499464870787246,109.53854878551223,369.0785504483007,101.33411049777592,synthetic_example.csv
2025-01-01 10:10:34,3.0076938886950284,9.969961130669047,9.011774941580608,120.18679058248782,364.2237994874076,101.28048418905176,synthetic_example.csv
2025-01-01 10:10:35,2.776219031907455,10.010859337155628,8.614856831474961,120.97740838521116,365.69868676681006,101.1517688413109,synthetic_example.csv
2025-01-01 10:10:36,3.573534693070075,9.754213591516672,8.517896240356448,102.23625198700486,362.0497033892301,101.22679858111543,synthetic_example.csv
2025-01-01 10:10:37,3.6186230104991353,9.828478595096081,7.399993778232913,108.60041422456834,358.4346380473857,101.30625418239022,synthetic_example.csv
2025-01-01 10:10:38,3.262300348784157,9.815565838712567,8.33369687813661,116.4479813688591,365.8506867497717,101.22007473749312,synthetic_example.csv
2025-01-01 10:10:39,3.5254793903225163,9.736543324686597,8.538339073610086,98.89808783827817,360.3552496255303,101.25062435151247,synthetic_example.csv
2025-01-01 10:10:40,3.785970177965159,9.61597623474579,8.130912944185427,103.62156529131416,351.114460821579,101.18492567600327,synthetic_example.csv
2025-01-01 10:10:41,4.306459815527064,9.406472126347225,8.902315901396163,80.19929649552542,349.9730053553054,101.12709459172855,synthetic_example.csv
2025-01-01 10:10:42,4.000559969349573,9.388078800892641,7.990256815503395,92.54982910930016,350.77194605024886,101.18261387348477,synthetic_example.csv
2025-01-01 10:10:43,3.7528736596266334,9.397223098218806,7.465032479754631,106.4639541022884,356.3876243789573,101.2050806822126,synthetic_example.csv
2025-01-01 10:10:44,4.29377574974764,9.355903629934845,7.579120150390243,89.04989901026929,349.10003813559746,101.12989102073864,synthetic_example.csv
2025-01-01 10:10:45,4.243569462113177,9.25463381295936,6.6574879654502634,84.60777338831397,343.70137485477005,101.1517829268361,synthetic_example.csv
2025-01-01 10:10:46,3.905500865470432,9.507835759486454,7.861954835295683,97.64093263141886,354.05247540140624,101.0951747637907,synthetic_example.csv
2025-01-01 10:10:47,4.381992143418695,9.219855786421613,6.937932831613172,89.43891798216666,349.3028987473172,101.23210870988872,synthetic_example.csv
2025-01-01 10:10:48,4.4876294488585495,9.163776584290947,7.76529985904568,75.03626335245806,344.06104525109794,101.12615270245992,synthetic_example.csv
2025-01-01 10:10:49,4.687448416545675,9.179937187930785,6.845685487967871,70.7688782914233,338.4366032767943,101.24164774682905,synthetic_example.csv
2025-01-01 10:10:50,5.0322837026539275,8.93700246533456,6.878554761040374,69.90182011962234,336.49094046144637,101.24035299445396,synthetic_example.csv
2025-01-01 10:10:51,5.185181977213662,8.95477076791822,6.641528811381997,71.95070899665171,334.95230319540786,101.12125682752769,synthetic_example.csv
2025-01-01 10:10:52,4.730091191418231,9.06248136871874,7.925645772874468,70.92430385596774,337.51383118289465,101.05013947988517,synthetic_example.csv
2025-01-01 10:10:53,4.650421221540307,8.952605941568914,6.934260820147273,69.22259679776494,335.230662062478,100.96873790552608,synthetic_example.csv
2025-01-01 10:10:54,5.63009141517453,8.751871087146418,7.613020070401408,58.3761194775978,326.79528976754887,101.00595435350917,synthetic_example.csv
2025-01-01 10:10:55,5.14700131619621,8.83868141210923,7.272601572203903,66.56540897809361,334.3256401523407,101.00730805802189,synthetic_example.csv
2025-01-01 10:10:56,5.174416334254745,8.857381041942459,7.064546110773022,62.14770739693593,328.36240021616595,101.19468901686233,synthetic_example.csv
2025-01-01 10:10:57,5.419227375873503,8.676701663258182,6.967259172379636,56.54293080606211,332.71914963863895,101.10127006245492,synthetic_example.csv
2025-01-01 10:10:58,5.368355549091345,8.574641043822382,6.920513841167711,55.21224033556042,326.9349413497666,101.11565355765977,synthetic_example.csv
2025-01-01 10:10:59,5.636984824048597,8.75014568164701,5.747015108207725,54.28043713099026,324.49861387738656,100.92842921243458,synthetic_example.csv
2025-01-01 10:11:00,5.534251800685541,8.708081258649027,6.565422151686635,55.02370801309784,329.0010400537375,100.99574254294018,synthetic_example.csv
2025-01-01 10:11:01,5.499625878379743,8.560017883241747,7.087883042191866,55.14128980928819,324.3508379671295,101.13770655785537,synthetic_example.csv
2025-01-01 10:11:02,5.918458052972346,8.476402128376119,6.571296563203711,49.806820368286324,324.25280852239246,101.09197008625999,synthetic_example.csv
2025-01-01 10:11:03,5.641874608233315,8.636167014136934,5.893271308520612,46.047661344601934,321.63052553469703,101.05815513698927,synthetic_example.csv
2025-01-01 10:11:04,5.82725012908024,8.42271419767429,6.548196213481489,49.425427835023314,321.32024691486293,101.10484496128535,synthetic_example.csv
2025-01-01 10:11:05,5.977681116573979,8.54050372866177,7.34965972853766,42.65464483473308,319.2711187450715,101.17694506664108,synthetic_example.csv
2025-01-01 10:11:06,6.09937843529781,8.325055624500205,7.11313536946127,42.77055053731466,318.3866507609189,101.04438970858057,synthetic_example.csv
2025-01-01 10:11:07,6.445709615805797,8.269207795220886,6.352249785022053,36.69132227818352,307.00606884070135,101.06243541267237,synthetic_example.csv
2025-01-01 10:11:08,5.77140471996031,8.483106321907776,7.043813905377889,44.40152541732612,318.4031828748811,101.06907433031151,synthetic_example.csv
2025-01-01 10:11:09,6.297901083821642,8.21964038284267,6.175595956891151,32.955263321843056,312.83709905843085,101.2213518416069,synthetic_example.csv
2025-01-01 10:11:10,6.509640903909934,8.077353011558204,5.482011268839064,30.628996057372962,308.58055779776004,100.9055615141441,synthetic_example.csv
2025-01-01 10:11:11,6.006933718666569,8.325142766059399,5.990011252089613,36.76520205515407,314.4907047135393,101.09925670900472,synthetic_example.csv
2025-01-01 10:11:12,6.588350476149305,8.16696680945158,7.136404799016791,33.19096051057223,306.87548433999007,101.04261327169077,synthetic_example.csv
2025-01-01 10:11:13,6.466305229729907,8.046847914194402,6.199899756111574,34.66178102302511,306.40904915697945,101.08984642188328,synthetic_example.csv
2025-01-01 10:11:14,6.345058860052864,8.225987567661644,6.234795342148396,30.424066864419878,305.31514273079534,101.00398451783214,synthetic_example.csv
2025-01-01 10:11:15,6.554326359341979,8.039481667855652,6.165179156833082,29.95164140286677,307.37968273970705,101.04670667352778,synthetic_example.csv
2025-01-01 10:11:16,6.42522764183501,8.048797159466988,7.261080555352335,30.32521554173429,305.709819561343,101.10037186558169,synthetic_example.csv
2025-01-01 10:11:17,6.8987242449552975,7.743992270232284,7.027567095705205,23.088985269381435,297.0285313981022,101.26922047245903,synthetic_example.csv
2025-01-01 10:11:18,7.077931542042476,7.639780064936394,7.331107092605977,23.349549998184898,299.9532975379509,101.10892675052217,synthetic_example.csv
2025-01-01 10:11:19,6.998419180066434,7.770144609717515,6.1227438714785825,20.81152020279477,299.13853759754096,100.99434963007195,synthetic_example.csv
2025-01-01 10:11:20,6.893429292759836,8.015300994441816,6.36198659181436,23.169934491106595,304.64027502864417,101.02570194530391,synthetic_example.csv
2025-01-01 10:11:21,6.873952987438239,7.984407980675126,5.4908898793611725,24.61783857443797,298.79878270710645,101.02557591604447,synthetic_example.csv
2025-01-01 10:11:22,7.072716631589984,7.845317511375,6.960897252279832,21.32250592939735,303.09167075787224,100.93386615948849,synthetic_example.csv
2025-01-01 10:11:23,7.207850806620585,7.724257644824915,5.606045553900213,22.455160751027826,299.38066943022363,101.0389948990893,synthetic_example.csv
2025-01-01 10:11:24,7.078833212603366,7.834643193714072,6.326077000140725,24.140261120809058,297.79939872447227,101.11622992891664,synthetic_example.csv
2025-01-01 10:11:25,7.196524562177966,7.712941897657535,5.619621950168186,19.83847928181088,295.0207528907051,100.97885351693206,synthetic_example.csv
2025-01-01 10:11:26,7.069097088548276,7.608744171688192,5.883255496738008,20.652832178375423,294.45921564881905,101.14484480509732,synthetic_example.csv
2025-01-01 10:11:27,7.399538538833345,7.771054919699625,5.75311523508967,21.095355934605404,295.38613364368683,101.10927573799594,synthetic_example.csv
2025-01-01 10:11:28,7.400035550326596,7.636961822305334,5.841564120725249,18.501548826438427,295.4198648016407,101.02769037913856,synthetic_example.csv
2025-01-01 10:11:29,7.428721575653286,7.625174250204608,5.873089353790544,18.99599129691432,292.7761947528962,101.0734047461519,synthetic_example.csv
2025-01-01 10:11:30,7.54489648727606,7.626109076450004,5.874092871164044,18.15768348032956,293.2823252613183,101.19968419234993,synthetic_example.csv
2025-01-01 10:11:31,7.696101738923163,7.465001639520689,6.536477727881865,17.95984721894182,286.8372992816062,101.1438991083608,synthetic_example.csv
2025-01-01 10:11:32,7.4789548580342755,7.632966614416674,5.59292834750097,18.588745997689575,287.92026981497565,101.09816816126369,synthetic_example.csv
2025-01-01 10:11:33,7.89765031333708,7.4880560154618125,6.225537450066422,16.56457358407596,286.66225447919675,101.08616535385111,synthetic_example.csv
2025-01-01 10:11:34,7.665116648580887,7.3853941092053335,6.719037454351038,14.787373422151957,289.33189173399256,101.11365662422645,synthetic_example.csv
2025-01-01 10:11:35,7.7712972473320825,7.396295840490729,5.858958688499667,16.67507169182236,283.4140282380281,101.07819555781683,synthetic_example.csv
2025-01-01 10:11:36,7.806255071054926,7.38215341423457,5.743796808164426,14.796125490241103,282.4000577749627,100.97263877890629,synthetic_example.csv
2025-01-01 10:11:37,7.7009957191207254,7.5685507027119465,6.000777493039607,15.779154209628977,287.6273798647408,101.26909588326518,synthetic_example.csv
2025-01-01 10:11:38,8.11830378025023,7.18275165272333,6.677239463201809,13.950660843453795,279.60723738962713,101.14340077169324,synthetic_example.csv
2025-01-01 10:11:39,7.944577300080528,7.20451351682541,6.190856121971045,14.052359732671729,281.3794101458963,101.16698752923742,synthetic_example.csv
2025-01-01 10:11:40,7.960139991593885,7.328103857504198,5.827044967041478,17.17941075272624,282.07677115642895,101.14184943355708,synthetic_example.csv
2025-01-01 10:11:41,8.23141982431658,7.197285217272445,6.316398635551961,15.42713531740029,275.7930626504071,101.10141882139919,synthetic_example.csv
2025-01-01 10:11:42,7.948473968829954,7.284846822056882,5.534547219240592,16.596003422798997,279.2838641455314,101.14701605079696,synthetic_example.csv
2025-01-01 10:11:43,7.873776824183956,7.305731193938719,6.428733821677971,13.579743212007621,283.96986645613595,101.0553979037136,synthetic_example.csv
2025-01-01 10:11:44,7.886197132088852,7.249934028996543,6.2895096007944575,14.72088139024636,278.3488035014759,101.33423842117958,synthetic_example.csv
2025-01-01 10:11:45,8.070640231005704,7.232455334230682,5.910334826170445,12.314748827687465,272.6285176269993,101.09606626538363,synthetic_example.csv
2025-01-01 10:11:46,8.322754834629489,7.069072033558398,5.6557035058068825,13.426788208467567,277.7615020843957,101.11802778031841,synthetic_example.csv
2025-01-01 10:11:47,8.366129764275367,6.930129103057131,5.60811508029045,12.145427209370546,274.6673693494732,101.16736465758872,synthetic_example.csv
2025-01-01 10:11:48,8.106070743647827,7.18270409076274,6.34156356685461,15.32022391251951,278.64546054961363,101.29638987817906,synthetic_example.csv
2025-01-01 10:11:49,8.53309652350921,6.8178435576088265,6.661443520389633,12.495583252851263,270.1480197226898,101.21539655183244,synthetic_example.csv
2025-01-01 10:11:50,8.488698139185518,6.992671872245049,5.7338367207546055,14.172996800387581,273.28483116521545,101.13611236460005,synthetic_example.csv
2025-01-01 10:11:51,8.554131908943424,7.131501011043431,6.280865292907961,13.676212693589367,268.5455280919979,101.31880101530062,synthetic_example.csv
2025-01-01 10:11:52,8.55912009541825,6.99996685374655,5.008129780404721,15.374598721755461,274.137666447727,101.29060713676125,synthetic_example.csv
2025-01-01 10:11:53,8.553229702459547,6.939397417208162,5.752099834026793,11.320487952143656,271.34882187352093,101.28564129467297,synthetic_example.csv
2025-01-01 10:11:54,8.596458977285865,6.819215480553773,6.0287993311875585,14.056343440901632,269.3377294209011,101.30662958970522,synthetic_example.csv
2025-01-01 10:11:55,8.795677838125323,6.7845472840360275,5.582474842342665,13.711744936117217,270.07454341561726,101.43276398213366,synthetic_example.csv
2025-01-01 10:11:56,8.691169786297452,6.83254492769943,5.5712853998469605,11.661889144422096,265.6751481087812,101.4267883149817,synthetic_example.csv
2025-01-01 10:11:57,8.92376368630224,6.81089190228582,5.703612384694309,13.578152682897597,270.46011420320167,101.2344665923687,synthetic_example.csv
2025-01-01 10:11:58,8.80635341801811,6.942065868667546,6.1838437836554885,12.914752570882275,268.1319049764069,101.40493494552584,synthetic_example.csv
2025-01-01 10:11:59,8.903065730369464,6.843746277078934,5.941107476572118,12.26191428812966,265.58963701187406,101.32682177328311,synthetic_example.csv
